query_id,phylum,alignment_score,identity_percent
Soil11.scaffold_211583530_c1_6,Actinomycetota,4236.8,43.42907638614057
Soil11.scaffold_211583530_c1_6,Bacillota,4328.8,44.68476732717724
Soil11.scaffold_211583530_c1_6,Bacteroidota,4335.8,45.02556805032467
Soil11.scaffold_211583530_c1_6,Pseudomonadota,5212.8,60.257531411758144
Soil11.scaffold_211583530_c1_6,acidobacteriota,3957.6,40.41434804182254
Soil11.scaffold_211583530_c1_6,chloroflexota,4150.6,41.89932859615315
Soil11.scaffold_211583530_c1_6,gemmatimonadota,4092.0,40.99821103731263
Soil11.scaffold_211583530_c1_6,myxococcota,4209.6,44.14882357113167
Soil11.scaffold_211583530_c1_6,verrucomicrobiota,4074.4,41.30600304750239
Soil11.scaffold_431547323_c1_2,Actinomycetota,3991.2,41.75329532345855
Soil11.scaffold_431547323_c1_2,Bacillota,4043.2,42.13032024049862
Soil11.scaffold_431547323_c1_2,Bacteroidota,4144.0,43.49459700058678
Soil11.scaffold_431547323_c1_2,Pseudomonadota,4051.0,41.297149294862315
Soil11.scaffold_431547323_c1_2,acidobacteriota,4213.4,46.73688712200695
Soil11.scaffold_431547323_c1_2,chloroflexota,4339.8,47.825397349337685
Soil11.scaffold_431547323_c1_2,gemmatimonadota,4251.0,45.38871887408429
Soil11.scaffold_431547323_c1_2,myxococcota,4137.2,44.954473494644546
Soil11.scaffold_431547323_c1_2,verrucomicrobiota,4223.4,45.84569294400424
Soil11.scaffold_587233302_c1_1,Actinomycetota,4138.4,43.0196792511275
Soil11.scaffold_587233302_c1_1,Bacillota,4285.6,44.96173801886664
Soil11.scaffold_587233302_c1_1,Bacteroidota,4285.0,45.16692868938761
Soil11.scaffold_587233302_c1_1,Pseudomonadota,5183.4,61.46745524331938
Soil11.scaffold_587233302_c1_1,acidobacteriota,3869.6,39.77061691815628
Soil11.scaffold_587233302_c1_1,chloroflexota,4058.4,41.597666767268606
Soil11.scaffold_587233302_c1_1,gemmatimonadota,3962.4,40.009069806324945
Soil11.scaffold_587233302_c1_1,myxococcota,4073.4,42.83691443321563
Soil11.scaffold_587233302_c1_1,verrucomicrobiota,4011.0,41.175330477738484
Soil11.scaffold_65427810_c1_20,Actinomycetota,4671.8,53.20788808704024
Soil11.scaffold_65427810_c1_20,Bacillota,4337.8,46.75159332993256
Soil11.scaffold_65427810_c1_20,Bacteroidota,4025.2,40.91311272077106
Soil11.scaffold_65427810_c1_20,Pseudomonadota,4217.8,43.62844908046559
Soil11.scaffold_65427810_c1_20,acidobacteriota,3923.6,41.40488173369731
Soil11.scaffold_65427810_c1_20,chloroflexota,4081.4,42.35460241529335
Soil11.scaffold_65427810_c1_20,gemmatimonadota,4050.6,41.8446721615384
Soil11.scaffold_65427810_c1_20,myxococcota,3986.6,42.216049861501304
Soil11.scaffold_65427810_c1_20,verrucomicrobiota,3983.2,41.56677335820644
Soil12.scaffold_266712765_c1_2,Actinomycetota,4234.8,44.48912099880279
Soil12.scaffold_266712765_c1_2,Bacillota,4291.4,44.47146332897423
Soil12.scaffold_266712765_c1_2,Bacteroidota,4335.0,45.734924280684126
Soil12.scaffold_266712765_c1_2,Pseudomonadota,5202.4,61.02508466589127
Soil12.scaffold_266712765_c1_2,acidobacteriota,3914.0,40.23213278286572
Soil12.scaffold_266712765_c1_2,chloroflexota,4068.4,41.271200281782015
Soil12.scaffold_266712765_c1_2,gemmatimonadota,4032.0,40.55527836383381
Soil12.scaffold_266712765_c1_2,myxococcota,4169.0,44.140160237345825
Soil12.scaffold_266712765_c1_2,verrucomicrobiota,4051.2,41.21745942046732
Soil14.scaffold_280216268_c1_12,Actinomycetota,4141.4,42.27441032931389
Soil14.scaffold_280216268_c1_12,Bacillota,4321.0,44.865435669421984
Soil14.scaffold_280216268_c1_12,Bacteroidota,4340.0,45.45685645114204
Soil14.scaffold_280216268_c1_12,Pseudomonadota,5162.2,60.01015576506592
Soil14.scaffold_280216268_c1_12,acidobacteriota,3909.2,39.77266917763777
Soil14.scaffold_280216268_c1_12,chloroflexota,4076.6,41.22304536168223
Soil14.scaffold_280216268_c1_12,gemmatimonadota,4021.4,40.34428834956667
Soil14.scaffold_280216268_c1_12,myxococcota,4082.6,42.36844654082067
Soil14.scaffold_280216268_c1_12,verrucomicrobiota,4010.2,40.43968147914875
Soil14.scaffold_465502786_c1_2,Actinomycetota,5293.8,65.49982623188073
Soil14.scaffold_465502786_c1_2,Bacillota,4295.2,45.861008940880424
Soil14.scaffold_465502786_c1_2,Bacteroidota,3984.6,40.37778481994034
Soil14.scaffold_465502786_c1_2,Pseudomonadota,4143.6,42.575634898880494
Soil14.scaffold_465502786_c1_2,acidobacteriota,3845.8,40.07645581577465
Soil14.scaffold_465502786_c1_2,chloroflexota,4025.8,41.39402406928757
Soil14.scaffold_465502786_c1_2,gemmatimonadota,3985.2,40.63923071093879
Soil14.scaffold_465502786_c1_2,myxococcota,3921.2,41.012512689657214
Soil14.scaffold_465502786_c1_2,verrucomicrobiota,3924.2,40.5199999003692
Soil14.scaffold_576820813_c1_40,Actinomycetota,4149.4,42.4380449666035
Soil14.scaffold_576820813_c1_40,Bacillota,4247.0,44.110022789594225
Soil14.scaffold_576820813_c1_40,Bacteroidota,4223.0,43.47965374846261
Soil14.scaffold_576820813_c1_40,Pseudomonadota,4745.4,51.69604667437843
Soil14.scaffold_576820813_c1_40,acidobacteriota,3945.0,40.57525608622306
Soil14.scaffold_576820813_c1_40,chloroflexota,4101.8,41.95569965926212
Soil14.scaffold_576820813_c1_40,gemmatimonadota,4067.2,40.9046019820408
Soil14.scaffold_576820813_c1_40,myxococcota,4087.0,42.53559834250458
Soil14.scaffold_576820813_c1_40,verrucomicrobiota,4045.6,41.471085057797026
Soil14.scaffold_596019752_c1_119,Actinomycetota,4232.0,44.73915480918323
Soil14.scaffold_596019752_c1_119,Bacillota,4462.6,48.2752902009849
Soil14.scaffold_596019752_c1_119,Bacteroidota,4109.6,42.307029275738316
Soil14.scaffold_596019752_c1_119,Pseudomonadota,4237.0,43.64521159343444
Soil14.scaffold_596019752_c1_119,acidobacteriota,3917.6,40.72940704102204
Soil14.scaffold_596019752_c1_119,chloroflexota,4075.4,41.7320966278714
Soil14.scaffold_596019752_c1_119,gemmatimonadota,4022.6,40.82262042381525
Soil14.scaffold_596019752_c1_119,myxococcota,3899.2,39.854330566467155
Soil14.scaffold_596019752_c1_119,verrucomicrobiota,3891.0,39.60174303280996
Soil15.scaffold_116822102_c1_19,Actinomycetota,4995.8,57.91090840326821
Soil15.scaffold_116822102_c1_19,Bacillota,4338.8,45.2719213813874
Soil15.scaffold_116822102_c1_19,Bacteroidota,4012.6,39.73682838575518
Soil15.scaffold_116822102_c1_19,Pseudomonadota,4199.4,42.2949562641221
Soil15.scaffold_116822102_c1_19,acidobacteriota,3897.0,39.727678924706545
Soil15.scaffold_116822102_c1_19,chloroflexota,4076.0,41.1473431596211
Soil15.scaffold_116822102_c1_19,gemmatimonadota,4019.0,40.052208000344294
Soil15.scaffold_116822102_c1_19,myxococcota,3945.2,40.50709084848229
Soil15.scaffold_116822102_c1_19,verrucomicrobiota,3946.2,39.976257080115715
Soil15.scaffold_1255266399_c1_142,Actinomycetota,4266.8,45.086615566281516
Soil15.scaffold_1255266399_c1_142,Bacillota,4450.6,48.15162280461742
Soil15.scaffold_1255266399_c1_142,Bacteroidota,4092.4,41.89752310356624
Soil15.scaffold_1255266399_c1_142,Pseudomonadota,4265.0,44.03547847943933
Soil15.scaffold_1255266399_c1_142,acidobacteriota,3935.8,40.975323991703064
Soil15.scaffold_1255266399_c1_142,chloroflexota,4081.2,41.610638127401764
Soil15.scaffold_1255266399_c1_142,gemmatimonadota,4042.8,41.080248023964295
Soil15.scaffold_1255266399_c1_142,myxococcota,3915.0,40.1122466698695
Soil15.scaffold_1255266399_c1_142,verrucomicrobiota,3864.4,38.90495409405302
Soil15.scaffold_16321085_c1_6,Actinomycetota,4197.8,43.55693755399247
Soil15.scaffold_16321085_c1_6,Bacillota,4274.4,44.42094793588065
Soil15.scaffold_16321085_c1_6,Bacteroidota,4356.0,46.40234309903536
Soil15.scaffold_16321085_c1_6,Pseudomonadota,5202.8,61.33666144893848
Soil15.scaffold_16321085_c1_6,acidobacteriota,3914.8,40.28246569627837
Soil15.scaffold_16321085_c1_6,chloroflexota,4062.4,41.32027105062383
Soil15.scaffold_16321085_c1_6,gemmatimonadota,4031.4,40.64433508069451
Soil15.scaffold_16321085_c1_6,myxococcota,4155.6,43.97377935147504
Soil15.scaffold_16321085_c1_6,verrucomicrobiota,4035.4,41.230517776661124
Soil15.scaffold_175810641_c1_3,Actinomycetota,4297.4,46.466126989591174
Soil15.scaffold_175810641_c1_3,Bacillota,4866.6,56.85444524005533
Soil15.scaffold_175810641_c1_3,Bacteroidota,4112.2,42.702451327689694
Soil15.scaffold_175810641_c1_3,Pseudomonadota,4282.0,45.01677535052458
Soil15.scaffold_175810641_c1_3,acidobacteriota,3935.2,41.331018731790316
Soil15.scaffold_175810641_c1_3,chloroflexota,4113.4,42.67929754667932
Soil15.scaffold_175810641_c1_3,gemmatimonadota,4042.2,41.63013642795529
Soil15.scaffold_175810641_c1_3,myxococcota,3961.6,41.40760557381208
Soil15.scaffold_175810641_c1_3,verrucomicrobiota,3973.8,40.906225275655984
Soil16.scaffold_1312607544_c1_3,Actinomycetota,4703.6,53.85072279529879
Soil16.scaffold_1312607544_c1_3,Bacillota,4350.2,46.92246669289274
Soil16.scaffold_1312607544_c1_3,Bacteroidota,3969.4,39.908677828457954
Soil16.scaffold_1312607544_c1_3,Pseudomonadota,4196.0,43.12421213620333
Soil16.scaffold_1312607544_c1_3,acidobacteriota,3888.0,40.68485640651646
Soil16.scaffold_1312607544_c1_3,chloroflexota,4058.8,41.99891431284679
Soil16.scaffold_1312607544_c1_3,gemmatimonadota,4022.4,41.26723393227919
Soil16.scaffold_1312607544_c1_3,myxococcota,3923.0,40.98707815859608
Soil16.scaffold_1312607544_c1_3,verrucomicrobiota,3957.4,41.077111896784224
Soil16.scaffold_313969256_c1_10,Actinomycetota,4167.2,42.84433042512861
Soil16.scaffold_313969256_c1_10,Bacillota,4338.2,45.46502023562885
Soil16.scaffold_313969256_c1_10,Bacteroidota,4370.6,46.18612520155871
Soil16.scaffold_313969256_c1_10,Pseudomonadota,5247.4,61.490050976626506
Soil16.scaffold_313969256_c1_10,acidobacteriota,3931.2,40.38454630549978
Soil16.scaffold_313969256_c1_10,chloroflexota,4100.4,41.66574496467996
Soil16.scaffold_313969256_c1_10,gemmatimonadota,4040.8,40.55540153714635
Soil16.scaffold_313969256_c1_10,myxococcota,4193.6,44.52356106504324
Soil16.scaffold_313969256_c1_10,verrucomicrobiota,4064.2,41.49925902606402
Soil16.scaffold_436666653_c1_2,Actinomycetota,5024.4,60.04800845548838
Soil16.scaffold_436666653_c1_2,Bacillota,4131.0,42.71535592258537
Soil16.scaffold_436666653_c1_2,Bacteroidota,3858.8,37.99888393706537
Soil16.scaffold_436666653_c1_2,Pseudomonadota,4070.0,41.40271111326157
Soil16.scaffold_436666653_c1_2,acidobacteriota,3789.2,39.04750444155783
Soil16.scaffold_436666653_c1_2,chloroflexota,3955.2,40.43458465451874
Soil16.scaffold_436666653_c1_2,gemmatimonadota,3897.0,39.266850275952756
Soil16.scaffold_436666653_c1_2,myxococcota,3862.2,40.18584623944622
Soil16.scaffold_436666653_c1_2,verrucomicrobiota,3863.4,39.6406759514055
Soil16.scaffold_804923086_c1_3,Actinomycetota,4202.2,43.087528530871666
Soil16.scaffold_804923086_c1_3,Bacillota,4305.2,44.63671746738362
Soil16.scaffold_804923086_c1_3,Bacteroidota,4326.6,45.5284403829137
Soil16.scaffold_804923086_c1_3,Pseudomonadota,5189.4,60.11586444221
Soil16.scaffold_804923086_c1_3,acidobacteriota,3929.6,40.226038902178935
Soil16.scaffold_804923086_c1_3,chloroflexota,4111.2,41.87759773675131
Soil16.scaffold_804923086_c1_3,gemmatimonadota,4064.0,40.79071113748965
Soil16.scaffold_804923086_c1_3,myxococcota,4175.0,43.90897114849607
Soil16.scaffold_804923086_c1_3,verrucomicrobiota,4101.2,41.911892355258644
Soil17.scaffold_1045002370_c1_23,Actinomycetota,4248.6,45.10343315918608
Soil17.scaffold_1045002370_c1_23,Bacillota,4471.2,48.80971937162624
Soil17.scaffold_1045002370_c1_23,Bacteroidota,4113.0,42.31005775529341
Soil17.scaffold_1045002370_c1_23,Pseudomonadota,4243.8,43.80158372783834
Soil17.scaffold_1045002370_c1_23,acidobacteriota,3918.8,40.83382003687494
Soil17.scaffold_1045002370_c1_23,chloroflexota,4085.6,41.90590579698035
Soil17.scaffold_1045002370_c1_23,gemmatimonadota,4043.2,41.428008819881725
Soil17.scaffold_1045002370_c1_23,myxococcota,3925.8,40.457740643201845
Soil17.scaffold_1045002370_c1_23,verrucomicrobiota,3877.0,39.42086485190623
Soil17.scaffold_1202428475_c1_2,Actinomycetota,4207.8,43.85516419414275
Soil17.scaffold_1202428475_c1_2,Bacillota,4324.2,45.373643097342146
Soil17.scaffold_1202428475_c1_2,Bacteroidota,4397.8,46.847081818568086
Soil17.scaffold_1202428475_c1_2,Pseudomonadota,5284.6,62.598281582630946
Soil17.scaffold_1202428475_c1_2,acidobacteriota,3941.2,40.639505934860104
Soil17.scaffold_1202428475_c1_2,chloroflexota,4129.6,42.16344825377563
Soil17.scaffold_1202428475_c1_2,gemmatimonadota,4036.2,40.62399624426944
Soil17.scaffold_1202428475_c1_2,myxococcota,4201.6,44.68785011625581
Soil17.scaffold_1202428475_c1_2,verrucomicrobiota,4104.2,42.30545362922879
Soil17.scaffold_274056314_c1_61,Actinomycetota,4220.8,44.64720042334799
Soil17.scaffold_274056314_c1_61,Bacillota,4594.8,50.93445142993808
Soil17.scaffold_274056314_c1_61,Bacteroidota,4099.6,41.95909385471866
Soil17.scaffold_274056314_c1_61,Pseudomonadota,4186.0,42.59552329354496
Soil17.scaffold_274056314_c1_61,acidobacteriota,3880.4,40.144288323435646
Soil17.scaffold_274056314_c1_61,chloroflexota,4029.8,41.016053835222536
Soil17.scaffold_274056314_c1_61,gemmatimonadota,4021.8,41.0668542062438
Soil17.scaffold_274056314_c1_61,myxococcota,3890.0,39.86944327999708
Soil17.scaffold_274056314_c1_61,verrucomicrobiota,3920.4,39.72851710200565
Soil17.scaffold_332687915_c1_2,Actinomycetota,4229.4,44.33938799139774
Soil17.scaffold_332687915_c1_2,Bacillota,4295.8,44.387484034700876
Soil17.scaffold_332687915_c1_2,Bacteroidota,4340.2,45.41243749135383
Soil17.scaffold_332687915_c1_2,Pseudomonadota,5205.4,60.639629748061
Soil17.scaffold_332687915_c1_2,acidobacteriota,3896.2,39.74770019896259
Soil17.scaffold_332687915_c1_2,chloroflexota,4067.6,41.04582423469786
Soil17.scaffold_332687915_c1_2,gemmatimonadota,4022.4,40.41612379267651
Soil17.scaffold_332687915_c1_2,myxococcota,4138.4,43.45065077809751
Soil17.scaffold_332687915_c1_2,verrucomicrobiota,4035.2,40.98439647659014
Soil17.scaffold_918557319_c1_2,Actinomycetota,4357.2,47.69572902860645
Soil17.scaffold_918557319_c1_2,Bacillota,4818.4,55.55301027663334
Soil17.scaffold_918557319_c1_2,Bacteroidota,4124.6,42.99445920798994
Soil17.scaffold_918557319_c1_2,Pseudomonadota,4374.0,46.371665915247874
Soil17.scaffold_918557319_c1_2,acidobacteriota,3972.8,42.373259212971796
Soil17.scaffold_918557319_c1_2,chloroflexota,4155.8,43.733317037373595
Soil17.scaffold_918557319_c1_2,gemmatimonadota,4053.0,42.09302895112877
Soil17.scaffold_918557319_c1_2,myxococcota,3998.8,42.278032652624674
Soil17.scaffold_918557319_c1_2,verrucomicrobiota,4038.2,42.31402729863746
Soil3.scaffold_285743490_c1_2,Actinomycetota,4218.8,44.11208397973968
Soil3.scaffold_285743490_c1_2,Bacillota,4260.6,44.34000538207891
Soil3.scaffold_285743490_c1_2,Bacteroidota,4314.4,45.82274442252459
Soil3.scaffold_285743490_c1_2,Pseudomonadota,5173.6,61.17844843078488
Soil3.scaffold_285743490_c1_2,acidobacteriota,3908.0,40.65194628147011
Soil3.scaffold_285743490_c1_2,chloroflexota,4068.6,41.86449094839948
Soil3.scaffold_285743490_c1_2,gemmatimonadota,4037.6,41.20991256073951
Soil3.scaffold_285743490_c1_2,myxococcota,4149.2,44.2964472792848
Soil3.scaffold_285743490_c1_2,verrucomicrobiota,4038.4,41.61019763053029
Soil3.scaffold_333288240_c1_8,Actinomycetota,4943.8,57.1391712896566
Soil3.scaffold_333288240_c1_8,Bacillota,4365.4,45.72647077233297
Soil3.scaffold_333288240_c1_8,Bacteroidota,4017.8,39.91008026069612
Soil3.scaffold_333288240_c1_8,Pseudomonadota,4271.8,43.443668266035026
Soil3.scaffold_333288240_c1_8,acidobacteriota,3911.8,39.79750999552983
Soil3.scaffold_333288240_c1_8,chloroflexota,4108.8,41.37427191865587
Soil3.scaffold_333288240_c1_8,gemmatimonadota,4045.6,40.51395562064626
Soil3.scaffold_333288240_c1_8,myxococcota,3975.6,40.65445121896467
Soil3.scaffold_333288240_c1_8,verrucomicrobiota,3949.6,39.582675882322306
Soil3.scaffold_408070428_c1_2,Actinomycetota,4205.6,43.23121884208981
Soil3.scaffold_408070428_c1_2,Bacillota,4337.0,44.83380134239631
Soil3.scaffold_408070428_c1_2,Bacteroidota,4341.4,45.284219118059035
Soil3.scaffold_408070428_c1_2,Pseudomonadota,5219.0,60.115955985176754
Soil3.scaffold_408070428_c1_2,acidobacteriota,3926.2,39.93271916905721
Soil3.scaffold_408070428_c1_2,chloroflexota,4125.6,41.79371156511557
Soil3.scaffold_408070428_c1_2,gemmatimonadota,4032.8,40.061342355908906
Soil3.scaffold_408070428_c1_2,myxococcota,4178.6,43.718205767519166
Soil3.scaffold_408070428_c1_2,verrucomicrobiota,4076.8,41.15712698306415
Soil3.scaffold_414071996_c1_8,Actinomycetota,4805.8,55.3284999551561
Soil3.scaffold_414071996_c1_8,Bacillota,4407.0,47.61289075394877
Soil3.scaffold_414071996_c1_8,Bacteroidota,4068.2,41.48325428413908
Soil3.scaffold_414071996_c1_8,Pseudomonadota,4318.4,45.49893768822863
Soil3.scaffold_414071996_c1_8,acidobacteriota,3941.6,41.26287891319088
Soil3.scaffold_414071996_c1_8,chloroflexota,4129.8,43.01263251681405
Soil3.scaffold_414071996_c1_8,gemmatimonadota,4090.8,42.16429180961709
Soil3.scaffold_414071996_c1_8,myxococcota,4013.0,42.4003853631603
Soil3.scaffold_414071996_c1_8,verrucomicrobiota,4024.8,42.01479888025425
Soil3.scaffold_530221301_c1_2,Actinomycetota,4703.6,54.83546926139155
Soil3.scaffold_530221301_c1_2,Bacillota,4307.2,47.010434102321874
Soil3.scaffold_530221301_c1_2,Bacteroidota,3971.2,40.74891750432482
Soil3.scaffold_530221301_c1_2,Pseudomonadota,4166.8,43.47116799591051
Soil3.scaffold_530221301_c1_2,acidobacteriota,3883.0,41.506356759072006
Soil3.scaffold_530221301_c1_2,chloroflexota,4049.4,42.44242003682473
Soil3.scaffold_530221301_c1_2,gemmatimonadota,4012.4,41.78604852410153
Soil3.scaffold_530221301_c1_2,myxococcota,3940.8,42.12119515034935
Soil3.scaffold_530221301_c1_2,verrucomicrobiota,3996.4,42.490036254033
Soil5.scaffold_120605214_c1_7,Actinomycetota,4261.8,45.21533182769478
Soil5.scaffold_120605214_c1_7,Bacillota,4463.8,48.19343276397884
Soil5.scaffold_120605214_c1_7,Bacteroidota,4106.0,42.02227555135716
Soil5.scaffold_120605214_c1_7,Pseudomonadota,4254.2,43.64625807898476
Soil5.scaffold_120605214_c1_7,acidobacteriota,3918.0,40.56806711770454
Soil5.scaffold_120605214_c1_7,chloroflexota,4107.6,42.0171954173925
Soil5.scaffold_120605214_c1_7,gemmatimonadota,4053.2,41.075111118691055
Soil5.scaffold_120605214_c1_7,myxococcota,3918.8,39.9435740502713
Soil5.scaffold_120605214_c1_7,verrucomicrobiota,3899.2,39.499743793254055
Soil5.scaffold_13272894_c1_8,Actinomycetota,4717.8,53.452559361332646
Soil5.scaffold_13272894_c1_8,Bacillota,4356.2,46.59402180903643
Soil5.scaffold_13272894_c1_8,Bacteroidota,3973.4,39.66184653933917
Soil5.scaffold_13272894_c1_8,Pseudomonadota,4198.2,42.94567515221502
Soil5.scaffold_13272894_c1_8,acidobacteriota,3928.6,41.192104104561764
Soil5.scaffold_13272894_c1_8,chloroflexota,4107.0,42.5774711163133
Soil5.scaffold_13272894_c1_8,gemmatimonadota,4036.6,41.26543106640033
Soil5.scaffold_13272894_c1_8,myxococcota,3954.8,41.391362518711716
Soil5.scaffold_13272894_c1_8,verrucomicrobiota,3982.2,41.16606291170085
Soil5.scaffold_133269568_c1_66,Actinomycetota,3965.0,41.3981079121974
Soil5.scaffold_133269568_c1_66,Bacillota,4000.2,41.38689621024109
Soil5.scaffold_133269568_c1_66,Bacteroidota,4106.2,42.91412375695611
Soil5.scaffold_133269568_c1_66,Pseudomonadota,4006.4,40.630009402669444
Soil5.scaffold_133269568_c1_66,acidobacteriota,4195.6,46.45409805313342
Soil5.scaffold_133269568_c1_66,chloroflexota,4323.4,47.65509778316882
Soil5.scaffold_133269568_c1_66,gemmatimonadota,4245.2,45.47095334542829
Soil5.scaffold_133269568_c1_66,myxococcota,4105.8,44.537687096704545
Soil5.scaffold_133269568_c1_66,verrucomicrobiota,4198.6,45.59620529534773
Soil5.scaffold_183283646_c1_24,Actinomycetota,4724.2,54.053316457684176
Soil5.scaffold_183283646_c1_24,Bacillota,4313.8,46.208909934653576
Soil5.scaffold_183283646_c1_24,Bacteroidota,3968.4,39.991293123841345
Soil5.scaffold_183283646_c1_24,Pseudomonadota,4192.8,43.27448635057849
Soil5.scaffold_183283646_c1_24,acidobacteriota,3871.0,40.32489156676648
Soil5.scaffold_183283646_c1_24,chloroflexota,4036.8,41.574912772305595
Soil5.scaffold_183283646_c1_24,gemmatimonadota,4006.6,40.86117362571618
Soil5.scaffold_183283646_c1_24,myxococcota,3929.0,41.05722561325779
Soil5.scaffold_183283646_c1_24,verrucomicrobiota,3975.6,41.27794179454218
Soil5.scaffold_215117222_c1_59,Actinomycetota,4211.8,43.03191065559594
Soil5.scaffold_215117222_c1_59,Bacillota,4275.6,43.63736775112917
Soil5.scaffold_215117222_c1_59,Bacteroidota,4336.4,45.05083143151258
Soil5.scaffold_215117222_c1_59,Pseudomonadota,5176.4,59.26046682676939
Soil5.scaffold_215117222_c1_59,acidobacteriota,3933.6,39.95423396718869
Soil5.scaffold_215117222_c1_59,chloroflexota,4123.6,41.62558979399703
Soil5.scaffold_215117222_c1_59,gemmatimonadota,4047.2,40.321353115130634
Soil5.scaffold_215117222_c1_59,myxococcota,4185.0,43.897730225371006
Soil5.scaffold_215117222_c1_59,verrucomicrobiota,4095.4,41.53595201040554
Soil5.scaffold_249001418_c1_2,Actinomycetota,4911.0,57.08811155824752
Soil5.scaffold_249001418_c1_2,Bacillota,4226.8,44.24500406293732
Soil5.scaffold_249001418_c1_2,Bacteroidota,3901.4,38.54133344339438
Soil5.scaffold_249001418_c1_2,Pseudomonadota,4178.4,42.49555100562859
Soil5.scaffold_249001418_c1_2,acidobacteriota,3764.8,37.88091330644647
Soil5.scaffold_249001418_c1_2,chloroflexota,3992.8,40.39135190491557
Soil5.scaffold_249001418_c1_2,gemmatimonadota,3914.6,39.122246488079035
Soil5.scaffold_249001418_c1_2,myxococcota,3890.6,39.75082165029085
Soil5.scaffold_249001418_c1_2,verrucomicrobiota,3851.4,39.11030503137992
Soil5.scaffold_384418492_c1_161,Actinomycetota,4370.4,47.22516769544062
Soil5.scaffold_384418492_c1_161,Bacillota,4970.4,58.2347945263062
Soil5.scaffold_384418492_c1_161,Bacteroidota,4175.0,43.646821325667965
Soil5.scaffold_384418492_c1_161,Pseudomonadota,4393.8,46.28650186953769
Soil5.scaffold_384418492_c1_161,acidobacteriota,3994.8,42.45942483583875
Soil5.scaffold_384418492_c1_161,chloroflexota,4163.0,43.69638591860785
Soil5.scaffold_384418492_c1_161,gemmatimonadota,4120.6,42.88517128154989
Soil5.scaffold_384418492_c1_161,myxococcota,3992.2,41.84636775347907
Soil5.scaffold_384418492_c1_161,verrucomicrobiota,4075.8,42.839921845083424
Soil5.scaffold_395480119_c1_5,Actinomycetota,5297.2,66.2441317469813
Soil5.scaffold_395480119_c1_5,Bacillota,4269.4,45.686114599741416
Soil5.scaffold_395480119_c1_5,Bacteroidota,3970.2,40.3531532665117
Soil5.scaffold_395480119_c1_5,Pseudomonadota,4168.6,43.32395601228607
Soil5.scaffold_395480119_c1_5,acidobacteriota,3842.8,40.24086233741553
Soil5.scaffold_395480119_c1_5,chloroflexota,4017.8,41.66022861759854
Soil5.scaffold_395480119_c1_5,gemmatimonadota,3984.8,41.11065246550507
Soil5.scaffold_395480119_c1_5,myxococcota,3925.2,41.44295263053901
Soil5.scaffold_395480119_c1_5,verrucomicrobiota,3942.8,41.103328133279845
Soil5.scaffold_416434691_c1_48,Actinomycetota,4221.6,44.25216864460718
Soil5.scaffold_416434691_c1_48,Bacillota,4285.0,44.48986752615279
Soil5.scaffold_416434691_c1_48,Bacteroidota,4354.6,46.31254256484779
Soil5.scaffold_416434691_c1_48,Pseudomonadota,5219.8,61.94919635334706
Soil5.scaffold_416434691_c1_48,acidobacteriota,3917.8,40.39351008156682
Soil5.scaffold_416434691_c1_48,chloroflexota,4098.6,41.81273865978694
Soil5.scaffold_416434691_c1_48,gemmatimonadota,4023.8,40.53900493169939
Soil5.scaffold_416434691_c1_48,myxococcota,4161.6,44.18196076927857
Soil5.scaffold_416434691_c1_48,verrucomicrobiota,4027.4,41.02829690811857
Soil5.scaffold_434220697_c1_2,Actinomycetota,4354.8,46.78686448114975
Soil5.scaffold_434220697_c1_2,Bacillota,4515.8,49.01568824728446
Soil5.scaffold_434220697_c1_2,Bacteroidota,4102.4,41.88304576426332
Soil5.scaffold_434220697_c1_2,Pseudomonadota,4277.0,44.1080127094417
Soil5.scaffold_434220697_c1_2,acidobacteriota,3971.8,41.3512855530937
Soil5.scaffold_434220697_c1_2,chloroflexota,4136.6,42.44566695475151
Soil5.scaffold_434220697_c1_2,gemmatimonadota,4096.0,42.05268880876647
Soil5.scaffold_434220697_c1_2,myxococcota,3978.0,41.03946070444204
Soil5.scaffold_434220697_c1_2,verrucomicrobiota,3946.2,40.39571063236665
Soil5.scaffold_489407153_c1_201,Actinomycetota,4283.0,45.59752444469724
Soil5.scaffold_489407153_c1_201,Bacillota,4467.0,48.249762190691925
Soil5.scaffold_489407153_c1_201,Bacteroidota,4105.8,42.24784576853223
Soil5.scaffold_489407153_c1_201,Pseudomonadota,4251.4,44.00289247172227
Soil5.scaffold_489407153_c1_201,acidobacteriota,3930.4,40.7646972477708
Soil5.scaffold_489407153_c1_201,chloroflexota,4110.8,42.51276214650249
Soil5.scaffold_489407153_c1_201,gemmatimonadota,4049.4,41.18888968190949
Soil5.scaffold_489407153_c1_201,myxococcota,3917.6,40.271017545533326
Soil5.scaffold_489407153_c1_201,verrucomicrobiota,3948.0,40.406705346350826
Soil5.scaffold_544698016_c1_2,Actinomycetota,4755.6,54.89793111949232
Soil5.scaffold_544698016_c1_2,Bacillota,4376.2,47.416494236634605
Soil5.scaffold_544698016_c1_2,Bacteroidota,4060.4,41.444690671441585
Soil5.scaffold_544698016_c1_2,Pseudomonadota,4283.2,44.789181258298846
Soil5.scaffold_544698016_c1_2,acidobacteriota,3931.8,41.51260997932481
Soil5.scaffold_544698016_c1_2,chloroflexota,4089.2,42.44923286073928
Soil5.scaffold_544698016_c1_2,gemmatimonadota,4065.4,41.882204848183044
Soil5.scaffold_544698016_c1_2,myxococcota,3970.8,41.79798490762835
Soil5.scaffold_544698016_c1_2,verrucomicrobiota,4033.6,42.34378222558349
Soil5.scaffold_549495455_c1_6,Actinomycetota,4308.8,46.379505134407495
Soil5.scaffold_549495455_c1_6,Bacillota,4687.0,52.820354643212184
Soil5.scaffold_549495455_c1_6,Bacteroidota,4086.0,42.107645177404024
Soil5.scaffold_549495455_c1_6,Pseudomonadota,4252.8,44.02868365873934
Soil5.scaffold_549495455_c1_6,acidobacteriota,3851.8,40.2268028412688
Soil5.scaffold_549495455_c1_6,chloroflexota,4019.6,41.431503289493655
Soil5.scaffold_549495455_c1_6,gemmatimonadota,3985.6,40.96406566208723
Soil5.scaffold_549495455_c1_6,myxococcota,3868.6,39.88375571812461
Soil5.scaffold_549495455_c1_6,verrucomicrobiota,3919.2,39.99472374086452
Soil5.scaffold_559257041_c1_1,Actinomycetota,4773.8,54.79129212637487
Soil5.scaffold_559257041_c1_1,Bacillota,4411.8,47.29977276984516
Soil5.scaffold_559257041_c1_1,Bacteroidota,4080.4,41.44393196830414
Soil5.scaffold_559257041_c1_1,Pseudomonadota,4299.2,44.64217231110453
Soil5.scaffold_559257041_c1_1,acidobacteriota,3946.4,41.25165225620201
Soil5.scaffold_559257041_c1_1,chloroflexota,4109.2,42.418704759340564
Soil5.scaffold_559257041_c1_1,gemmatimonadota,4067.0,41.521835168061145
Soil5.scaffold_559257041_c1_1,myxococcota,3990.4,41.64098771913733
Soil5.scaffold_559257041_c1_1,verrucomicrobiota,4022.8,41.73927147832048
Soil5.scaffold_82918708_c1_12,Actinomycetota,4367.4,47.4751139157765
Soil5.scaffold_82918708_c1_12,Bacillota,4865.6,56.26058699899825
Soil5.scaffold_82918708_c1_12,Bacteroidota,4174.4,43.61801010036662
Soil5.scaffold_82918708_c1_12,Pseudomonadota,4398.8,46.46381658010187
Soil5.scaffold_82918708_c1_12,acidobacteriota,4001.8,42.75328679627177
Soil5.scaffold_82918708_c1_12,chloroflexota,4174.0,43.98921300375237
Soil5.scaffold_82918708_c1_12,gemmatimonadota,4085.4,42.53704613577911
Soil5.scaffold_82918708_c1_12,myxococcota,4019.8,42.454536845844856
Soil5.scaffold_82918708_c1_12,verrucomicrobiota,4059.4,42.6109654241086
Soil5.scaffold_87619515_c1_114,Actinomycetota,4311.4,46.62139977196268
Soil5.scaffold_87619515_c1_114,Bacillota,4784.2,55.0648505632705
Soil5.scaffold_87619515_c1_114,Bacteroidota,4137.6,43.15830647840303
Soil5.scaffold_87619515_c1_114,Pseudomonadota,4341.4,45.74474991549863
Soil5.scaffold_87619515_c1_114,acidobacteriota,3915.8,41.01925962418498
Soil5.scaffold_87619515_c1_114,chloroflexota,4086.8,42.325607306575805
Soil5.scaffold_87619515_c1_114,gemmatimonadota,4047.6,41.71486103186209
Soil5.scaffold_87619515_c1_114,myxococcota,3951.2,41.19223062527719
Soil5.scaffold_87619515_c1_114,verrucomicrobiota,4005.8,41.493845196224164
Soil6.scaffold_312871021_c1_4,Actinomycetota,4163.6,42.35126661498225
Soil6.scaffold_312871021_c1_4,Bacillota,4303.2,44.26830458978328
Soil6.scaffold_312871021_c1_4,Bacteroidota,4302.4,44.437128371842675
Soil6.scaffold_312871021_c1_4,Pseudomonadota,5199.8,60.2711207659591
Soil6.scaffold_312871021_c1_4,acidobacteriota,3887.8,39.182687581146325
Soil6.scaffold_312871021_c1_4,chloroflexota,4075.4,41.094488981688066
Soil6.scaffold_312871021_c1_4,gemmatimonadota,3998.2,39.52608903860664
Soil6.scaffold_312871021_c1_4,myxococcota,4107.0,42.407028188582
Soil6.scaffold_312871021_c1_4,verrucomicrobiota,4012.8,40.45403722936767
Soil6.scaffold_460055642_c1_2,Actinomycetota,4188.8,43.13647723393733
Soil6.scaffold_460055642_c1_2,Bacillota,4311.4,44.61342955537694
Soil6.scaffold_460055642_c1_2,Bacteroidota,4325.6,45.06739146740406
Soil6.scaffold_460055642_c1_2,Pseudomonadota,5192.0,59.875122640247966
Soil6.scaffold_460055642_c1_2,acidobacteriota,3918.8,40.1419908914762
Soil6.scaffold_460055642_c1_2,chloroflexota,4064.4,40.95375902886536
Soil6.scaffold_460055642_c1_2,gemmatimonadota,4045.4,40.5023060155724
Soil6.scaffold_460055642_c1_2,myxococcota,4182.4,44.09617984828283
Soil6.scaffold_460055642_c1_2,verrucomicrobiota,4070.6,41.38936944637164
Soil6.scaffold_86801766_c1_2,Actinomycetota,4727.8,54.05638545824745
Soil6.scaffold_86801766_c1_2,Bacillota,4341.8,46.63903147556547
Soil6.scaffold_86801766_c1_2,Bacteroidota,3989.8,40.155524103495665
Soil6.scaffold_86801766_c1_2,Pseudomonadota,4236.6,43.76379491434345
Soil6.scaffold_86801766_c1_2,acidobacteriota,3912.6,41.08673937732508
Soil6.scaffold_86801766_c1_2,chloroflexota,4088.0,42.493132143456315
Soil6.scaffold_86801766_c1_2,gemmatimonadota,4055.0,41.71442218536388
Soil6.scaffold_86801766_c1_2,myxococcota,3964.8,41.599895671492455
Soil6.scaffold_86801766_c1_2,verrucomicrobiota,4014.6,42.04162988844824
Soil6.scaffold_95998780_c1_2,Actinomycetota,4734.0,54.501693193323135
Soil6.scaffold_95998780_c1_2,Bacillota,4351.6,47.00087615299745
Soil6.scaffold_95998780_c1_2,Bacteroidota,3981.2,40.33467105599577
Soil6.scaffold_95998780_c1_2,Pseudomonadota,4199.6,43.26252909675282
Soil6.scaffold_95998780_c1_2,acidobacteriota,3902.6,41.23832640007811
Soil6.scaffold_95998780_c1_2,chloroflexota,4080.0,42.566558719109
Soil6.scaffold_95998780_c1_2,gemmatimonadota,4029.4,41.64177262649425
Soil6.scaffold_95998780_c1_2,myxococcota,3955.8,41.891062332215924
Soil6.scaffold_95998780_c1_2,verrucomicrobiota,3980.8,41.672810344925345
Soil9.scaffold_175774837_c1_4,Actinomycetota,4600.0,53.28524800439411
Soil9.scaffold_175774837_c1_4,Bacillota,4233.0,46.36458567660742
Soil9.scaffold_175774837_c1_4,Bacteroidota,3899.6,40.10331661836783
Soil9.scaffold_175774837_c1_4,Pseudomonadota,4072.6,42.37720197905613
Soil9.scaffold_175774837_c1_4,acidobacteriota,3807.6,40.977015059919395
Soil9.scaffold_175774837_c1_4,chloroflexota,4007.8,42.56116047269539
Soil9.scaffold_175774837_c1_4,gemmatimonadota,3971.8,41.90886017363888
Soil9.scaffold_175774837_c1_4,myxococcota,3872.2,41.49619388921848
Soil9.scaffold_175774837_c1_4,verrucomicrobiota,3921.0,41.82638499192526
Soil9.scaffold_209032411_c1_3,Actinomycetota,4784.6,55.130046323668964
Soil9.scaffold_209032411_c1_3,Bacillota,4433.0,48.37320018946108
Soil9.scaffold_209032411_c1_3,Bacteroidota,4017.2,40.57929360987975
Soil9.scaffold_209032411_c1_3,Pseudomonadota,4242.0,44.135643682329246
Soil9.scaffold_209032411_c1_3,acidobacteriota,3947.0,41.40638280734941
Soil9.scaffold_209032411_c1_3,chloroflexota,4114.0,42.65409297481985
Soil9.scaffold_209032411_c1_3,gemmatimonadota,4062.4,41.758860620579
Soil9.scaffold_209032411_c1_3,myxococcota,3986.8,41.918298908015316
Soil9.scaffold_209032411_c1_3,verrucomicrobiota,4018.6,41.747851279375745
Soil9.scaffold_711597457_c1_4,Actinomycetota,3981.8,41.60743086830607
Soil9.scaffold_711597457_c1_4,Bacillota,4028.2,41.64550954895749
Soil9.scaffold_711597457_c1_4,Bacteroidota,4133.2,43.2194415095735
Soil9.scaffold_711597457_c1_4,Pseudomonadota,4038.6,41.03031944824944
Soil9.scaffold_711597457_c1_4,acidobacteriota,4200.2,46.564104406443946
Soil9.scaffold_711597457_c1_4,chloroflexota,4348.0,47.73456968733532
Soil9.scaffold_711597457_c1_4,gemmatimonadota,4215.8,44.871573557947
Soil9.scaffold_711597457_c1_4,myxococcota,4112.2,44.466651956555026
Soil9.scaffold_711597457_c1_4,verrucomicrobiota,4183.8,45.19859112406684
Soil9.scaffold_766455321_c1_2,Actinomycetota,4692.4,53.45832936358156
Soil9.scaffold_766455321_c1_2,Bacillota,4340.6,46.833771285451334
Soil9.scaffold_766455321_c1_2,Bacteroidota,3977.6,39.83699971846567
Soil9.scaffold_766455321_c1_2,Pseudomonadota,4210.2,43.37855681184622
Soil9.scaffold_766455321_c1_2,acidobacteriota,3894.8,40.91060140403577
Soil9.scaffold_766455321_c1_2,chloroflexota,4056.8,41.9242120057879
Soil9.scaffold_766455321_c1_2,gemmatimonadota,4039.8,41.514017003541
Soil9.scaffold_766455321_c1_2,myxococcota,3958.0,41.69827420751352
Soil9.scaffold_766455321_c1_2,verrucomicrobiota,3999.8,41.86816303577016
Soil9.scaffold_816779774_c1_14,Actinomycetota,4279.2,45.87905972428173
Soil9.scaffold_816779774_c1_14,Bacillota,4807.8,55.320940099119525
Soil9.scaffold_816779774_c1_14,Bacteroidota,4084.4,42.22581830733186
Soil9.scaffold_816779774_c1_14,Pseudomonadota,4249.6,44.165281621269216
Soil9.scaffold_816779774_c1_14,acidobacteriota,3925.8,40.92318640786139
Soil9.scaffold_816779774_c1_14,chloroflexota,4084.0,42.10590317179076
Soil9.scaffold_816779774_c1_14,gemmatimonadota,4014.4,41.09684400634252
Soil9.scaffold_816779774_c1_14,myxococcota,3963.8,41.21145988705365
Soil9.scaffold_816779774_c1_14,verrucomicrobiota,3970.6,40.652466627633046
Soil9.scaffold_98038919_c1_19,Actinomycetota,4702.6,54.031691823875725
Soil9.scaffold_98038919_c1_19,Bacillota,4313.4,46.449456088434076
Soil9.scaffold_98038919_c1_19,Bacteroidota,3990.8,40.561548933127135
Soil9.scaffold_98038919_c1_19,Pseudomonadota,4201.2,43.42458773873463
Soil9.scaffold_98038919_c1_19,acidobacteriota,3884.2,40.87646166351817
Soil9.scaffold_98038919_c1_19,chloroflexota,4039.4,41.85079683791952
Soil9.scaffold_98038919_c1_19,gemmatimonadota,4034.8,41.60685324379508
Soil9.scaffold_98038919_c1_19,myxococcota,3944.6,41.61421163035667
Soil9.scaffold_98038919_c1_19,verrucomicrobiota,3974.4,41.54328321977798
T0.scaffold_172278247_c1_4,Actinomycetota,4176.8,43.229698724667955
T0.scaffold_172278247_c1_4,Bacillota,4333.6,45.275444736934865
T0.scaffold_172278247_c1_4,Bacteroidota,4364.2,46.10435361022071
T0.scaffold_172278247_c1_4,Pseudomonadota,5256.8,61.877059010809376
T0.scaffold_172278247_c1_4,acidobacteriota,3941.0,40.39757858094328
T0.scaffold_172278247_c1_4,chloroflexota,4078.6,41.16878574594206
T0.scaffold_172278247_c1_4,gemmatimonadota,4037.0,40.452344326909156
T0.scaffold_172278247_c1_4,myxococcota,4205.4,44.68091596953432
T0.scaffold_172278247_c1_4,verrucomicrobiota,4088.2,41.80100369480966
T0.scaffold_273218771_c1_2,Actinomycetota,4717.4,53.43120754023939
T0.scaffold_273218771_c1_2,Bacillota,4360.2,46.668403329383125
T0.scaffold_273218771_c1_2,Bacteroidota,3986.0,39.87661828577503
T0.scaffold_273218771_c1_2,Pseudomonadota,4208.0,42.9509284682064
T0.scaffold_273218771_c1_2,acidobacteriota,3908.0,40.7658461287705
T0.scaffold_273218771_c1_2,chloroflexota,4103.8,42.44289862834986
T0.scaffold_273218771_c1_2,gemmatimonadota,4048.6,41.42362186211907
T0.scaffold_273218771_c1_2,myxococcota,3967.0,41.506863336089175
T0.scaffold_273218771_c1_2,verrucomicrobiota,4000.4,41.48166097598904
T0.scaffold_786865677_c1_2,Actinomycetota,4202.0,43.790577176196166
T0.scaffold_786865677_c1_2,Bacillota,4299.6,44.79956225583306
T0.scaffold_786865677_c1_2,Bacteroidota,4362.6,46.28047481314445
T0.scaffold_786865677_c1_2,Pseudomonadota,5208.8,61.22948556893616
T0.scaffold_786865677_c1_2,acidobacteriota,3946.2,40.75923015598958
T0.scaffold_786865677_c1_2,chloroflexota,4106.2,41.947739823107725
T0.scaffold_786865677_c1_2,gemmatimonadota,4058.8,41.20699592851629
T0.scaffold_786865677_c1_2,myxococcota,4154.0,44.19201046238213
T0.scaffold_786865677_c1_2,verrucomicrobiota,4083.6,42.24044149828107
T0.scaffold_961428012_c1_71,Actinomycetota,4005.8,41.76536547493049
T0.scaffold_961428012_c1_71,Bacillota,4051.2,42.092902458172965
T0.scaffold_961428012_c1_71,Bacteroidota,4170.6,43.87135393958546
T0.scaffold_961428012_c1_71,Pseudomonadota,4071.4,41.58219445674098
T0.scaffold_961428012_c1_71,acidobacteriota,4222.0,46.62392037835779
T0.scaffold_961428012_c1_71,chloroflexota,4344.2,47.69717003321513
T0.scaffold_961428012_c1_71,gemmatimonadota,4264.6,45.53144439072147
T0.scaffold_961428012_c1_71,myxococcota,4157.6,45.15936421134198
T0.scaffold_961428012_c1_71,verrucomicrobiota,4229.2,45.90360824747706
