,K00360,K00361,K00362,K00363,K00366,K00367,K00368,K00370,K00371,K00372,K00373,K00374,K00376,K00844,K02164,K02305,K02448,K02567,K02568,K02570,K02571,K03385,K04017,K04018,K04561,K04747,K04748,K05601,K10534,K12264,K12265,K12266,K15864,K15876,K15877,K17877,K19339,K19343,K26138,K26139
Soil11_CE_234_-100_None_T9,nan,nan,1.902,0.000,nan,nan,nan,nan,nan,nan,nan,nan,nan,nan,nan,nan,nan,nan,nan,nan,nan,nan,nan,nan,nan,nan,nan,nan,nan,nan,nan,0.000,nan,nan,nan,nan,nan,nan,nan,nan
Soil11_CE_234_-10_None_T9,nan,nan,3.656,0.000,nan,nan,nan,nan,nan,nan,nan,nan,nan,nan,nan,nan,nan,nan,nan,nan,nan,nan,nan,nan,nan,nan,nan,nan,nan,nan,nan,0.000,nan,nan,nan,nan,nan,nan,nan,nan
Soil11_CE_234_-14_None_T9,nan,nan,3.440,0.000,nan,nan,nan,nan,nan,nan,nan,nan,nan,nan,nan,nan,nan,nan,nan,nan,nan,nan,nan,nan,nan,nan,nan,nan,nan,nan,nan,0.000,nan,nan,nan,nan,nan,nan,nan,nan
Soil11_CE_234_-18_None_T9,nan,nan,4.098,0.047,nan,nan,nan,nan,nan,nan,nan,nan,nan,nan,nan,nan,nan,nan,nan,nan,nan,nan,nan,nan,nan,nan,nan,nan,nan,nan,nan,0.098,nan,nan,nan,nan,nan,nan,nan,nan
Soil11_CE_234_-25_None_T9,nan,nan,2.768,0.144,nan,nan,nan,nan,nan,nan,nan,nan,nan,nan,nan,nan,nan,nan,nan,nan,nan,nan,nan,nan,nan,nan,nan,nan,nan,nan,nan,0.473,nan,nan,nan,nan,nan,nan,nan,nan
Soil11_CE_234_-3_None_T9,nan,nan,3.325,0.000,nan,nan,nan,nan,nan,nan,nan,nan,nan,nan,nan,nan,nan,nan,nan,nan,nan,nan,nan,nan,nan,nan,nan,nan,nan,nan,nan,0.000,nan,nan,nan,nan,nan,nan,nan,nan
Soil11_CE_234_-50_None_T9,nan,nan,1.751,0.000,nan,nan,nan,nan,nan,nan,nan,nan,nan,nan,nan,nan,nan,nan,nan,nan,nan,nan,nan,nan,nan,nan,nan,nan,nan,nan,nan,0.000,nan,nan,nan,nan,nan,nan,nan,nan
Soil11_CE_234_-5_None_T9,nan,nan,3.389,0.000,nan,nan,nan,nan,nan,nan,nan,nan,nan,nan,nan,nan,nan,nan,nan,nan,nan,nan,nan,nan,nan,nan,nan,nan,nan,nan,nan,0.000,nan,nan,nan,nan,nan,nan,nan,nan
Soil11_CE_234_-8_None_T9,nan,nan,2.076,0.000,nan,nan,nan,nan,nan,nan,nan,nan,nan,nan,nan,nan,nan,nan,nan,nan,nan,nan,nan,nan,nan,nan,nan,nan,nan,nan,nan,0.000,nan,nan,nan,nan,nan,nan,nan,nan
Soil11_CE_234_0_None_T9,nan,nan,2.377,0.000,nan,nan,nan,nan,nan,nan,nan,nan,nan,nan,nan,nan,nan,nan,nan,nan,nan,nan,nan,nan,nan,nan,nan,nan,nan,nan,nan,0.489,nan,nan,nan,nan,nan,nan,nan,nan
Soil11_CE_234_3_None_T9,nan,nan,3.524,0.000,nan,nan,nan,nan,nan,nan,nan,nan,nan,nan,nan,nan,nan,nan,nan,nan,nan,nan,nan,nan,nan,nan,nan,nan,nan,nan,nan,0.000,nan,nan,nan,nan,nan,nan,nan,nan
Soil12_CE_229_-100_None_T9,nan,nan,3.780,0.000,nan,nan,nan,nan,nan,nan,nan,nan,nan,nan,nan,nan,nan,nan,nan,nan,nan,nan,nan,nan,nan,nan,nan,nan,nan,nan,nan,0.000,nan,nan,nan,nan,nan,nan,nan,nan
Soil12_CE_229_-13_None_T9,nan,nan,2.854,0.000,nan,nan,nan,nan,nan,nan,nan,nan,nan,nan,nan,nan,nan,nan,nan,nan,nan,nan,nan,nan,nan,nan,nan,nan,nan,nan,nan,0.434,nan,nan,nan,nan,nan,nan,nan,nan
Soil12_CE_229_-2_None_T9,nan,nan,3.567,0.000,nan,nan,nan,nan,nan,nan,nan,nan,nan,nan,nan,nan,nan,nan,nan,nan,nan,nan,nan,nan,nan,nan,nan,nan,nan,nan,nan,0.937,nan,nan,nan,nan,nan,nan,nan,nan
Soil12_CE_229_-32_None_T9,nan,nan,7.095,0.414,nan,nan,nan,nan,nan,nan,nan,nan,nan,nan,nan,nan,nan,nan,nan,nan,nan,nan,nan,nan,nan,nan,nan,nan,nan,nan,nan,1.764,nan,nan,nan,nan,nan,nan,nan,nan
Soil12_CE_229_-4_None_T9,nan,nan,3.335,0.000,nan,nan,nan,nan,nan,nan,nan,nan,nan,nan,nan,nan,nan,nan,nan,nan,nan,nan,nan,nan,nan,nan,nan,nan,nan,nan,nan,0.390,nan,nan,nan,nan,nan,nan,nan,nan
Soil12_CE_229_-6_None_T9,nan,nan,3.475,0.000,nan,nan,nan,nan,nan,nan,nan,nan,nan,nan,nan,nan,nan,nan,nan,nan,nan,nan,nan,nan,nan,nan,nan,nan,nan,nan,nan,0.267,nan,nan,nan,nan,nan,nan,nan,nan
Soil12_CE_229_-9_None_T9,nan,nan,1.781,0.000,nan,nan,nan,nan,nan,nan,nan,nan,nan,nan,nan,nan,nan,nan,nan,nan,nan,nan,nan,nan,nan,nan,nan,nan,nan,nan,nan,0.000,nan,nan,nan,nan,nan,nan,nan,nan
Soil12_CE_229_0_None_T9,nan,nan,1.130,0.000,nan,nan,nan,nan,nan,nan,nan,nan,nan,nan,nan,nan,nan,nan,nan,nan,nan,nan,nan,nan,nan,nan,nan,nan,nan,nan,nan,0.196,nan,nan,nan,nan,nan,nan,nan,nan
Soil12_CE_229_10_None_T9,nan,nan,2.376,0.000,nan,nan,nan,nan,nan,nan,nan,nan,nan,nan,nan,nan,nan,nan,nan,nan,nan,nan,nan,nan,nan,nan,nan,nan,nan,nan,nan,0.000,nan,nan,nan,nan,nan,nan,nan,nan
Soil12_CE_229_3_None_T9,nan,nan,2.567,0.000,nan,nan,nan,nan,nan,nan,nan,nan,nan,nan,nan,nan,nan,nan,nan,nan,nan,nan,nan,nan,nan,nan,nan,nan,nan,nan,nan,0.161,nan,nan,nan,nan,nan,nan,nan,nan
Soil12_CE_229_6_None_T9,nan,nan,2.140,0.417,nan,nan,nan,nan,nan,nan,nan,nan,nan,nan,nan,nan,nan,nan,nan,nan,nan,nan,nan,nan,nan,nan,nan,nan,nan,nan,nan,0.000,nan,nan,nan,nan,nan,nan,nan,nan
Soil14_CE_251_N2_-23_None_T9,nan,nan,3.510,0.000,nan,nan,nan,nan,nan,nan,nan,nan,nan,nan,nan,nan,nan,nan,nan,nan,nan,nan,nan,nan,nan,nan,nan,nan,nan,nan,nan,0.000,nan,nan,nan,nan,nan,nan,nan,nan
Soil14_CE_251_N2_-2_None_T9,nan,nan,2.437,0.417,nan,nan,nan,nan,nan,nan,nan,nan,nan,nan,nan,nan,nan,nan,nan,nan,nan,nan,nan,nan,nan,nan,nan,nan,nan,nan,nan,0.000,nan,nan,nan,nan,nan,nan,nan,nan
Soil14_CE_251_N2_-5_None_T9,nan,nan,3.107,0.000,nan,nan,nan,nan,nan,nan,nan,nan,nan,nan,nan,nan,nan,nan,nan,nan,nan,nan,nan,nan,nan,nan,nan,nan,nan,nan,nan,0.098,nan,nan,nan,nan,nan,nan,nan,nan
Soil14_CE_251_N2_-8_None_T9,nan,nan,3.743,0.000,nan,nan,nan,nan,nan,nan,nan,nan,nan,nan,nan,nan,nan,nan,nan,nan,nan,nan,nan,nan,nan,nan,nan,nan,nan,nan,nan,0.196,nan,nan,nan,nan,nan,nan,nan,nan
Soil14_CE_251_N2_-90_None_T9,nan,nan,3.881,0.000,nan,nan,nan,nan,nan,nan,nan,nan,nan,nan,nan,nan,nan,nan,nan,nan,nan,nan,nan,nan,nan,nan,nan,nan,nan,nan,nan,0.000,nan,nan,nan,nan,nan,nan,nan,nan
Soil14_CE_251_N2_0_None_T9,nan,nan,3.865,0.000,nan,nan,nan,nan,nan,nan,nan,nan,nan,nan,nan,nan,nan,nan,nan,nan,nan,nan,nan,nan,nan,nan,nan,nan,nan,nan,nan,0.098,nan,nan,nan,nan,nan,nan,nan,nan
Soil14_CE_251_N2_14_None_T9,nan,nan,4.063,0.000,nan,nan,nan,nan,nan,nan,nan,nan,nan,nan,nan,nan,nan,nan,nan,nan,nan,nan,nan,nan,nan,nan,nan,nan,nan,nan,nan,0.196,nan,nan,nan,nan,nan,nan,nan,nan
Soil14_CE_251_N2_22_None_T9,nan,nan,3.992,0.000,nan,nan,nan,nan,nan,nan,nan,nan,nan,nan,nan,nan,nan,nan,nan,nan,nan,nan,nan,nan,nan,nan,nan,nan,nan,nan,nan,0.098,nan,nan,nan,nan,nan,nan,nan,nan
Soil14_CE_251_N2_2_None_T9,nan,nan,5.126,0.000,nan,nan,nan,nan,nan,nan,nan,nan,nan,nan,nan,nan,nan,nan,nan,nan,nan,nan,nan,nan,nan,nan,nan,nan,nan,nan,nan,0.000,nan,nan,nan,nan,nan,nan,nan,nan
Soil14_CE_251_N2_5_None_T9,nan,nan,3.146,0.000,nan,nan,nan,nan,nan,nan,nan,nan,nan,nan,nan,nan,nan,nan,nan,nan,nan,nan,nan,nan,nan,nan,nan,nan,nan,nan,nan,0.194,nan,nan,nan,nan,nan,nan,nan,nan
Soil14_CE_251_N2_9_None_T9,nan,nan,1.903,0.000,nan,nan,nan,nan,nan,nan,nan,nan,nan,nan,nan,nan,nan,nan,nan,nan,nan,nan,nan,nan,nan,nan,nan,nan,nan,nan,nan,0.195,nan,nan,nan,nan,nan,nan,nan,nan
Soil15_CE_251_N5_-100_None_T9,nan,nan,3.880,0.000,nan,nan,nan,nan,nan,nan,nan,nan,nan,nan,nan,nan,nan,nan,nan,nan,nan,nan,nan,nan,nan,nan,nan,nan,nan,nan,nan,0.000,nan,nan,nan,nan,nan,nan,nan,nan
Soil15_CE_251_N5_-65_None_T9,nan,nan,3.683,0.000,nan,nan,nan,nan,nan,nan,nan,nan,nan,nan,nan,nan,nan,nan,nan,nan,nan,nan,nan,nan,nan,nan,nan,nan,nan,nan,nan,0.391,nan,nan,nan,nan,nan,nan,nan,nan
Soil15_CE_251_N5_0_None_T9,nan,nan,3.102,0.075,nan,nan,nan,nan,nan,nan,nan,nan,nan,nan,nan,nan,nan,nan,nan,nan,nan,nan,nan,nan,nan,nan,nan,nan,nan,nan,nan,0.098,nan,nan,nan,nan,nan,nan,nan,nan
Soil15_CE_251_N5_12_None_T9,nan,nan,5.871,0.086,nan,nan,nan,nan,nan,nan,nan,nan,nan,nan,nan,nan,nan,nan,nan,nan,nan,nan,nan,nan,nan,nan,nan,nan,nan,nan,nan,0.196,nan,nan,nan,nan,nan,nan,nan,nan
Soil15_CE_251_N5_16_None_T9,nan,nan,3.324,0.000,nan,nan,nan,nan,nan,nan,nan,nan,nan,nan,nan,nan,nan,nan,nan,nan,nan,nan,nan,nan,nan,nan,nan,nan,nan,nan,nan,0.000,nan,nan,nan,nan,nan,nan,nan,nan
Soil15_CE_251_N5_20_None_T9,nan,nan,4.516,0.000,nan,nan,nan,nan,nan,nan,nan,nan,nan,nan,nan,nan,nan,nan,nan,nan,nan,nan,nan,nan,nan,nan,nan,nan,nan,nan,nan,0.196,nan,nan,nan,nan,nan,nan,nan,nan
Soil15_CE_251_N5_22_None_T9,nan,nan,16.887,0.417,nan,nan,nan,nan,nan,nan,nan,nan,nan,nan,nan,nan,nan,nan,nan,nan,nan,nan,nan,nan,nan,nan,nan,nan,nan,nan,nan,0.390,nan,nan,nan,nan,nan,nan,nan,nan
Soil15_CE_251_N5_26_None_T9,nan,nan,3.388,0.000,nan,nan,nan,nan,nan,nan,nan,nan,nan,nan,nan,nan,nan,nan,nan,nan,nan,nan,nan,nan,nan,nan,nan,nan,nan,nan,nan,0.000,nan,nan,nan,nan,nan,nan,nan,nan
Soil15_CE_251_N5_30_None_T9,nan,nan,3.587,0.000,nan,nan,nan,nan,nan,nan,nan,nan,nan,nan,nan,nan,nan,nan,nan,nan,nan,nan,nan,nan,nan,nan,nan,nan,nan,nan,nan,0.098,nan,nan,nan,nan,nan,nan,nan,nan
Soil15_CE_251_N5_34_None_T9,nan,nan,3.637,0.033,nan,nan,nan,nan,nan,nan,nan,nan,nan,nan,nan,nan,nan,nan,nan,nan,nan,nan,nan,nan,nan,nan,nan,nan,nan,nan,nan,0.489,nan,nan,nan,nan,nan,nan,nan,nan
Soil15_CE_251_N5_7_None_T9,nan,nan,3.030,0.000,nan,nan,nan,nan,nan,nan,nan,nan,nan,nan,nan,nan,nan,nan,nan,nan,nan,nan,nan,nan,nan,nan,nan,nan,nan,nan,nan,0.000,nan,nan,nan,nan,nan,nan,nan,nan
Soil16_CE_251_N6_-100_None_T9,nan,nan,5.900,0.000,nan,nan,nan,nan,nan,nan,nan,nan,nan,nan,nan,nan,nan,nan,nan,nan,nan,nan,nan,nan,nan,nan,nan,nan,nan,nan,nan,0.098,nan,nan,nan,nan,nan,nan,nan,nan
Soil16_CE_251_N6_-7_None_T9,nan,nan,4.097,0.110,nan,nan,nan,nan,nan,nan,nan,nan,nan,nan,nan,nan,nan,nan,nan,nan,nan,nan,nan,nan,nan,nan,nan,nan,nan,nan,nan,0.766,nan,nan,nan,nan,nan,nan,nan,nan
Soil16_CE_251_N6_0_None_T9,nan,nan,3.924,0.000,nan,nan,nan,nan,nan,nan,nan,nan,nan,nan,nan,nan,nan,nan,nan,nan,nan,nan,nan,nan,nan,nan,nan,nan,nan,nan,nan,0.391,nan,nan,nan,nan,nan,nan,nan,nan
Soil16_CE_251_N6_11_None_T9,nan,nan,2.538,0.105,nan,nan,nan,nan,nan,nan,nan,nan,nan,nan,nan,nan,nan,nan,nan,nan,nan,nan,nan,nan,nan,nan,nan,nan,nan,nan,nan,0.196,nan,nan,nan,nan,nan,nan,nan,nan
Soil16_CE_251_N6_14_None_T9,nan,nan,7.638,0.657,nan,nan,nan,nan,nan,nan,nan,nan,nan,nan,nan,nan,nan,nan,nan,nan,nan,nan,nan,nan,nan,nan,nan,nan,nan,nan,nan,1.165,nan,nan,nan,nan,nan,nan,nan,nan
Soil16_CE_251_N6_18_None_T9,nan,nan,6.487,0.000,nan,nan,nan,nan,nan,nan,nan,nan,nan,nan,nan,nan,nan,nan,nan,nan,nan,nan,nan,nan,nan,nan,nan,nan,nan,nan,nan,0.000,nan,nan,nan,nan,nan,nan,nan,nan
Soil16_CE_251_N6_22_None_T9,nan,nan,3.341,0.834,nan,nan,nan,nan,nan,nan,nan,nan,nan,nan,nan,nan,nan,nan,nan,nan,nan,nan,nan,nan,nan,nan,nan,nan,nan,nan,nan,0.000,nan,nan,nan,nan,nan,nan,nan,nan
Soil16_CE_251_N6_28_None_T9,nan,nan,5.988,0.417,nan,nan,nan,nan,nan,nan,nan,nan,nan,nan,nan,nan,nan,nan,nan,nan,nan,nan,nan,nan,nan,nan,nan,nan,nan,nan,nan,0.098,nan,nan,nan,nan,nan,nan,nan,nan
Soil16_CE_251_N6_3_None_T9,nan,nan,5.189,1.069,nan,nan,nan,nan,nan,nan,nan,nan,nan,nan,nan,nan,nan,nan,nan,nan,nan,nan,nan,nan,nan,nan,nan,nan,nan,nan,nan,1.196,nan,nan,nan,nan,nan,nan,nan,nan
Soil16_CE_251_N6_6_None_T9,nan,nan,7.103,0.834,nan,nan,nan,nan,nan,nan,nan,nan,nan,nan,nan,nan,nan,nan,nan,nan,nan,nan,nan,nan,nan,nan,nan,nan,nan,nan,nan,0.293,nan,nan,nan,nan,nan,nan,nan,nan
Soil16_CE_251_N6_8_None_T9,nan,nan,6.529,0.110,nan,nan,nan,nan,nan,nan,nan,nan,nan,nan,nan,nan,nan,nan,nan,nan,nan,nan,nan,nan,nan,nan,nan,nan,nan,nan,nan,0.859,nan,nan,nan,nan,nan,nan,nan,nan
Soil17_CE_251_N3_-100_None_T9,nan,nan,2.976,0.000,nan,nan,nan,nan,nan,nan,nan,nan,nan,nan,nan,nan,nan,nan,nan,nan,nan,nan,nan,nan,nan,nan,nan,nan,nan,nan,nan,0.000,nan,nan,nan,nan,nan,nan,nan,nan
Soil17_CE_251_N3_-40_None_T9,nan,nan,4.576,0.000,nan,nan,nan,nan,nan,nan,nan,nan,nan,nan,nan,nan,nan,nan,nan,nan,nan,nan,nan,nan,nan,nan,nan,nan,nan,nan,nan,0.000,nan,nan,nan,nan,nan,nan,nan,nan
Soil17_CE_251_N3_-4_None_T9,nan,nan,3.926,0.000,nan,nan,nan,nan,nan,nan,nan,nan,nan,nan,nan,nan,nan,nan,nan,nan,nan,nan,nan,nan,nan,nan,nan,nan,nan,nan,nan,0.196,nan,nan,nan,nan,nan,nan,nan,nan
Soil17_CE_251_N3_0_None_T9,nan,nan,3.746,0.000,nan,nan,nan,nan,nan,nan,nan,nan,nan,nan,nan,nan,nan,nan,nan,nan,nan,nan,nan,nan,nan,nan,nan,nan,nan,nan,nan,0.098,nan,nan,nan,nan,nan,nan,nan,nan
Soil17_CE_251_N3_10_None_T9,nan,nan,3.687,0.000,nan,nan,nan,nan,nan,nan,nan,nan,nan,nan,nan,nan,nan,nan,nan,nan,nan,nan,nan,nan,nan,nan,nan,nan,nan,nan,nan,0.000,nan,nan,nan,nan,nan,nan,nan,nan
Soil17_CE_251_N3_13_None_T9,nan,nan,3.802,0.417,nan,nan,nan,nan,nan,nan,nan,nan,nan,nan,nan,nan,nan,nan,nan,nan,nan,nan,nan,nan,nan,nan,nan,nan,nan,nan,nan,0.098,nan,nan,nan,nan,nan,nan,nan,nan
Soil17_CE_251_N3_16_None_T9,nan,nan,2.913,0.417,nan,nan,nan,nan,nan,nan,nan,nan,nan,nan,nan,nan,nan,nan,nan,nan,nan,nan,nan,nan,nan,nan,nan,nan,nan,nan,nan,0.000,nan,nan,nan,nan,nan,nan,nan,nan
Soil17_CE_251_N3_20_None_T9,nan,nan,3.804,0.000,nan,nan,nan,nan,nan,nan,nan,nan,nan,nan,nan,nan,nan,nan,nan,nan,nan,nan,nan,nan,nan,nan,nan,nan,nan,nan,nan,0.098,nan,nan,nan,nan,nan,nan,nan,nan
Soil17_CE_251_N3_24_None_T9,nan,nan,4.919,0.575,nan,nan,nan,nan,nan,nan,nan,nan,nan,nan,nan,nan,nan,nan,nan,nan,nan,nan,nan,nan,nan,nan,nan,nan,nan,nan,nan,0.486,nan,nan,nan,nan,nan,nan,nan,nan
Soil17_CE_251_N3_28_None_T9,nan,nan,4.094,0.464,nan,nan,nan,nan,nan,nan,nan,nan,nan,nan,nan,nan,nan,nan,nan,nan,nan,nan,nan,nan,nan,nan,nan,nan,nan,nan,nan,0.082,nan,nan,nan,nan,nan,nan,nan,nan
Soil17_CE_251_N3_6_None_T9,nan,nan,4.100,0.000,nan,nan,nan,nan,nan,nan,nan,nan,nan,nan,nan,nan,nan,nan,nan,nan,nan,nan,nan,nan,nan,nan,nan,nan,nan,nan,nan,0.000,nan,nan,nan,nan,nan,nan,nan,nan
Soil3_CE_239_-11_None_T9,nan,nan,3.153,0.000,nan,nan,nan,nan,nan,nan,nan,nan,nan,nan,nan,nan,nan,nan,nan,nan,nan,nan,nan,nan,nan,nan,nan,nan,nan,nan,nan,0.098,nan,nan,nan,nan,nan,nan,nan,nan
Soil3_CE_239_-14_None_T9,nan,nan,3.462,0.000,nan,nan,nan,nan,nan,nan,nan,nan,nan,nan,nan,nan,nan,nan,nan,nan,nan,nan,nan,nan,nan,nan,nan,nan,nan,nan,nan,0.000,nan,nan,nan,nan,nan,nan,nan,nan
Soil3_CE_239_-16_None_T9,nan,nan,3.744,0.000,nan,nan,nan,nan,nan,nan,nan,nan,nan,nan,nan,nan,nan,nan,nan,nan,nan,nan,nan,nan,nan,nan,nan,nan,nan,nan,nan,0.391,nan,nan,nan,nan,nan,nan,nan,nan
Soil3_CE_239_-19_None_T9,nan,nan,2.498,0.000,nan,nan,nan,nan,nan,nan,nan,nan,nan,nan,nan,nan,nan,nan,nan,nan,nan,nan,nan,nan,nan,nan,nan,nan,nan,nan,nan,0.000,nan,nan,nan,nan,nan,nan,nan,nan
Soil3_CE_239_-22_None_T9,nan,nan,2.395,0.000,nan,nan,nan,nan,nan,nan,nan,nan,nan,nan,nan,nan,nan,nan,nan,nan,nan,nan,nan,nan,nan,nan,nan,nan,nan,nan,nan,0.000,nan,nan,nan,nan,nan,nan,nan,nan
Soil3_CE_239_-26_None_T9,nan,nan,5.461,0.000,nan,nan,nan,nan,nan,nan,nan,nan,nan,nan,nan,nan,nan,nan,nan,nan,nan,nan,nan,nan,nan,nan,nan,nan,nan,nan,nan,0.000,nan,nan,nan,nan,nan,nan,nan,nan
Soil3_CE_239_-32_None_T9,nan,nan,2.140,0.000,nan,nan,nan,nan,nan,nan,nan,nan,nan,nan,nan,nan,nan,nan,nan,nan,nan,nan,nan,nan,nan,nan,nan,nan,nan,nan,nan,0.000,nan,nan,nan,nan,nan,nan,nan,nan
Soil3_CE_239_-50_None_T9,nan,nan,2.731,0.000,nan,nan,nan,nan,nan,nan,nan,nan,nan,nan,nan,nan,nan,nan,nan,nan,nan,nan,nan,nan,nan,nan,nan,nan,nan,nan,nan,0.000,nan,nan,nan,nan,nan,nan,nan,nan
Soil3_CE_239_-7_None_T9,nan,nan,2.674,0.000,nan,nan,nan,nan,nan,nan,nan,nan,nan,nan,nan,nan,nan,nan,nan,nan,nan,nan,nan,nan,nan,nan,nan,nan,nan,nan,nan,0.196,nan,nan,nan,nan,nan,nan,nan,nan
Soil3_CE_239_0_None_T9,nan,nan,2.913,0.000,nan,nan,nan,nan,nan,nan,nan,nan,nan,nan,nan,nan,nan,nan,nan,nan,nan,nan,nan,nan,nan,nan,nan,nan,nan,nan,nan,0.000,nan,nan,nan,nan,nan,nan,nan,nan
Soil3_CE_239_9_None_T9,nan,nan,3.570,0.000,nan,nan,nan,nan,nan,nan,nan,nan,nan,nan,nan,nan,nan,nan,nan,nan,nan,nan,nan,nan,nan,nan,nan,nan,nan,nan,nan,0.000,nan,nan,nan,nan,nan,nan,nan,nan
Soil5_CE_201_-12_None_T9,nan,nan,2.912,0.000,nan,nan,nan,nan,nan,nan,nan,nan,nan,nan,nan,nan,nan,nan,nan,nan,nan,nan,nan,nan,nan,nan,nan,nan,nan,nan,nan,0.000,nan,nan,nan,nan,nan,nan,nan,nan
Soil5_CE_201_-15_None_T9,nan,nan,2.864,0.000,nan,nan,nan,nan,nan,nan,nan,nan,nan,nan,nan,nan,nan,nan,nan,nan,nan,nan,nan,nan,nan,nan,nan,nan,nan,nan,nan,0.000,nan,nan,nan,nan,nan,nan,nan,nan
Soil5_CE_201_-19_None_T9,nan,nan,2.547,0.000,nan,nan,nan,nan,nan,nan,nan,nan,nan,nan,nan,nan,nan,nan,nan,nan,nan,nan,nan,nan,nan,nan,nan,nan,nan,nan,nan,0.196,nan,nan,nan,nan,nan,nan,nan,nan
Soil5_CE_201_-23_None_T9,nan,nan,2.915,0.000,nan,nan,nan,nan,nan,nan,nan,nan,nan,nan,nan,nan,nan,nan,nan,nan,nan,nan,nan,nan,nan,nan,nan,nan,nan,nan,nan,0.000,nan,nan,nan,nan,nan,nan,nan,nan
Soil5_CE_201_-28_None_T9,nan,nan,4.984,0.000,nan,nan,nan,nan,nan,nan,nan,nan,nan,nan,nan,nan,nan,nan,nan,nan,nan,nan,nan,nan,nan,nan,nan,nan,nan,nan,nan,0.489,nan,nan,nan,nan,nan,nan,nan,nan
Soil5_CE_201_-35_None_T9,nan,nan,2.675,0.000,nan,nan,nan,nan,nan,nan,nan,nan,nan,nan,nan,nan,nan,nan,nan,nan,nan,nan,nan,nan,nan,nan,nan,nan,nan,nan,nan,0.000,nan,nan,nan,nan,nan,nan,nan,nan
Soil5_CE_201_-55_None_T9,nan,nan,1.964,0.000,nan,nan,nan,nan,nan,nan,nan,nan,nan,nan,nan,nan,nan,nan,nan,nan,nan,nan,nan,nan,nan,nan,nan,nan,nan,nan,nan,0.098,nan,nan,nan,nan,nan,nan,nan,nan
Soil5_CE_201_-5_None_T9,nan,nan,2.675,0.000,nan,nan,nan,nan,nan,nan,nan,nan,nan,nan,nan,nan,nan,nan,nan,nan,nan,nan,nan,nan,nan,nan,nan,nan,nan,nan,nan,0.000,nan,nan,nan,nan,nan,nan,nan,nan
Soil5_CE_201_-9_None_T9,nan,nan,1.897,0.000,nan,nan,nan,nan,nan,nan,nan,nan,nan,nan,nan,nan,nan,nan,nan,nan,nan,nan,nan,nan,nan,nan,nan,nan,nan,nan,nan,0.196,nan,nan,nan,nan,nan,nan,nan,nan
Soil5_CE_201_0_None_T9,nan,nan,5.052,0.000,nan,nan,nan,nan,nan,nan,nan,nan,nan,nan,nan,nan,nan,nan,nan,nan,nan,nan,nan,nan,nan,nan,nan,nan,nan,nan,nan,0.098,nan,nan,nan,nan,nan,nan,nan,nan
Soil5_CE_201_7_None_T9,nan,nan,4.220,0.000,nan,nan,nan,nan,nan,nan,nan,nan,nan,nan,nan,nan,nan,nan,nan,nan,nan,nan,nan,nan,nan,nan,nan,nan,nan,nan,nan,0.196,nan,nan,nan,nan,nan,nan,nan,nan
Soil6_CE_73_-11_None_T9,nan,nan,2.317,0.000,nan,nan,nan,nan,nan,nan,nan,nan,nan,nan,nan,nan,nan,nan,nan,nan,nan,nan,nan,nan,nan,nan,nan,nan,nan,nan,nan,0.098,nan,nan,nan,nan,nan,nan,nan,nan
Soil6_CE_73_-14_None_T9,nan,nan,0.832,0.000,nan,nan,nan,nan,nan,nan,nan,nan,nan,nan,nan,nan,nan,nan,nan,nan,nan,nan,nan,nan,nan,nan,nan,nan,nan,nan,nan,0.000,nan,nan,nan,nan,nan,nan,nan,nan
Soil6_CE_73_-17_None_T9,nan,nan,2.021,0.000,nan,nan,nan,nan,nan,nan,nan,nan,nan,nan,nan,nan,nan,nan,nan,nan,nan,nan,nan,nan,nan,nan,nan,nan,nan,nan,nan,0.098,nan,nan,nan,nan,nan,nan,nan,nan
Soil6_CE_73_-21_None_T9,nan,nan,3.536,0.000,nan,nan,nan,nan,nan,nan,nan,nan,nan,nan,nan,nan,nan,nan,nan,nan,nan,nan,nan,nan,nan,nan,nan,nan,nan,nan,nan,0.000,nan,nan,nan,nan,nan,nan,nan,nan
Soil6_CE_73_-26_None_T9,nan,nan,2.200,0.000,nan,nan,nan,nan,nan,nan,nan,nan,nan,nan,nan,nan,nan,nan,nan,nan,nan,nan,nan,nan,nan,nan,nan,nan,nan,nan,nan,0.000,nan,nan,nan,nan,nan,nan,nan,nan
Soil6_CE_73_-40_None_T9,nan,nan,3.214,0.000,nan,nan,nan,nan,nan,nan,nan,nan,nan,nan,nan,nan,nan,nan,nan,nan,nan,nan,nan,nan,nan,nan,nan,nan,nan,nan,nan,0.386,nan,nan,nan,nan,nan,nan,nan,nan
Soil6_CE_73_-4_None_T9,nan,nan,2.790,0.000,nan,nan,nan,nan,nan,nan,nan,nan,nan,nan,nan,nan,nan,nan,nan,nan,nan,nan,nan,nan,nan,nan,nan,nan,nan,nan,nan,0.000,nan,nan,nan,nan,nan,nan,nan,nan
Soil6_CE_73_-70_None_T9,nan,nan,1.723,0.000,nan,nan,nan,nan,nan,nan,nan,nan,nan,nan,nan,nan,nan,nan,nan,nan,nan,nan,nan,nan,nan,nan,nan,nan,nan,nan,nan,0.000,nan,nan,nan,nan,nan,nan,nan,nan
Soil6_CE_73_-7_None_T9,nan,nan,2.914,0.000,nan,nan,nan,nan,nan,nan,nan,nan,nan,nan,nan,nan,nan,nan,nan,nan,nan,nan,nan,nan,nan,nan,nan,nan,nan,nan,nan,0.000,nan,nan,nan,nan,nan,nan,nan,nan
Soil6_CE_73_0_None_T9,nan,nan,3.046,0.000,nan,nan,nan,nan,nan,nan,nan,nan,nan,nan,nan,nan,nan,nan,nan,nan,nan,nan,nan,nan,nan,nan,nan,nan,nan,nan,nan,0.000,nan,nan,nan,nan,nan,nan,nan,nan
Soil6_CE_73_7_None_T9,nan,nan,3.864,0.000,nan,nan,nan,nan,nan,nan,nan,nan,nan,nan,nan,nan,nan,nan,nan,nan,nan,nan,nan,nan,nan,nan,nan,nan,nan,nan,nan,0.000,nan,nan,nan,nan,nan,nan,nan,nan
Soil9_CE_277_-10_None_T9,nan,nan,3.332,0.000,nan,nan,nan,nan,nan,nan,nan,nan,nan,nan,nan,nan,nan,nan,nan,nan,nan,nan,nan,nan,nan,nan,nan,nan,nan,nan,nan,0.000,nan,nan,nan,nan,nan,nan,nan,nan
Soil9_CE_277_-13_None_T9,nan,nan,1.843,0.000,nan,nan,nan,nan,nan,nan,nan,nan,nan,nan,nan,nan,nan,nan,nan,nan,nan,nan,nan,nan,nan,nan,nan,nan,nan,nan,nan,0.000,nan,nan,nan,nan,nan,nan,nan,nan
Soil9_CE_277_-16_None_T9,nan,nan,2.024,0.000,nan,nan,nan,nan,nan,nan,nan,nan,nan,nan,nan,nan,nan,nan,nan,nan,nan,nan,nan,nan,nan,nan,nan,nan,nan,nan,nan,0.000,nan,nan,nan,nan,nan,nan,nan,nan
Soil9_CE_277_-20_None_T9,nan,nan,2.616,0.000,nan,nan,nan,nan,nan,nan,nan,nan,nan,nan,nan,nan,nan,nan,nan,nan,nan,nan,nan,nan,nan,nan,nan,nan,nan,nan,nan,0.000,nan,nan,nan,nan,nan,nan,nan,nan
Soil9_CE_277_-28_None_T9,nan,nan,3.565,0.000,nan,nan,nan,nan,nan,nan,nan,nan,nan,nan,nan,nan,nan,nan,nan,nan,nan,nan,nan,nan,nan,nan,nan,nan,nan,nan,nan,0.000,nan,nan,nan,nan,nan,nan,nan,nan
Soil9_CE_277_-2_None_T9,nan,nan,3.149,0.000,nan,nan,nan,nan,nan,nan,nan,nan,nan,nan,nan,nan,nan,nan,nan,nan,nan,nan,nan,nan,nan,nan,nan,nan,nan,nan,nan,0.000,nan,nan,nan,nan,nan,nan,nan,nan
Soil9_CE_277_-5_None_T9,nan,nan,2.434,0.000,nan,nan,nan,nan,nan,nan,nan,nan,nan,nan,nan,nan,nan,nan,nan,nan,nan,nan,nan,nan,nan,nan,nan,nan,nan,nan,nan,0.000,nan,nan,nan,nan,nan,nan,nan,nan
Soil9_CE_277_-75_None_T9,nan,nan,2.912,0.000,nan,nan,nan,nan,nan,nan,nan,nan,nan,nan,nan,nan,nan,nan,nan,nan,nan,nan,nan,nan,nan,nan,nan,nan,nan,nan,nan,0.000,nan,nan,nan,nan,nan,nan,nan,nan
Soil9_CE_277_-7_None_T9,nan,nan,1.902,0.000,nan,nan,nan,nan,nan,nan,nan,nan,nan,nan,nan,nan,nan,nan,nan,nan,nan,nan,nan,nan,nan,nan,nan,nan,nan,nan,nan,0.000,nan,nan,nan,nan,nan,nan,nan,nan
Soil9_CE_277_0_None_T9,nan,nan,3.686,0.000,nan,nan,nan,nan,nan,nan,nan,nan,nan,nan,nan,nan,nan,nan,nan,nan,nan,nan,nan,nan,nan,nan,nan,nan,nan,nan,nan,0.000,nan,nan,nan,nan,nan,nan,nan,nan
Soil9_CE_277_4_None_T9,nan,nan,4.221,0.000,nan,nan,nan,nan,nan,nan,nan,nan,nan,nan,nan,nan,nan,nan,nan,nan,nan,nan,nan,nan,nan,nan,nan,nan,nan,nan,nan,0.000,nan,nan,nan,nan,nan,nan,nan,nan
