,FS177__C100_L=13996;_13,FS177__C227_L=8378;_4,S243__C14230_L=3895=_1,S244__C20752_L=6357=_4,S244__C14022_L=7807=_2,S244__C3835_L=14983=_4,S285__C2915_L=28090=_15,S285__C4850_L=20397=_7,S285__C1026_L=50631=_11,S285__C2951_L=27898=_18,S285__C140_L=130936=_21,S285__C27_L=253622=_99,S285__C297_L=94849=_52,S285__C9455_L=12507=_6,S285__C12129_L=10232=_6,S285__C709_L=62533=_5,S285__C1175_L=47089=_33,S285__C901_L=54752=_40,S285__C38247_L=3632=_1,S285__C22669_L=5968=_2,S285__C25616_L=5334=_2,S285__C12236_L=10165=_4,S285__C41489_L=3358=_1,S285__C43883_L=3182=_2,S285__C101_L=151890=_114,S285__C1220_L=46161=_31,S285__C3581_L=24847=_5,S285__C1_L=650655=_455,S285__C577_L=68402=_35,S285__C10207_L=11748=_9,S285__C20267_L=6616=_1,S305__C115_L=12654=_3,S305__C75_L=14806=_16,S306__C20376_L=4948=_3,S306__C635_L=38745=_23,S306__C4576_L=12404=_7,S306__C1392_L=25270=_20,S306__C635_L=38745=_29,S306__C1798_L=21604=_11,S306__C2062_L=19853=_7,SE162__C5590_L=3017=_1,SE188__C84_L=116902=_22,SE18__C2188_L=6566=_4,SE18__C2026_L=6906=_4,SE18__C1696_L=7763=_7,SE18__C417_L=20896=_16,SE196__C36_L=80375=_55,SE203__C5165_L=6424=_1,SE207__C69_L=31576=_23,SE208__C9_L=176791=_125,SE208__C196_L=22472=_20,SE208__C3224_L=6146=_2,SE20__C2856_L=11017=_2,SE210__C2337_L=9713=_2,SE212__C373_L=25448=_9,SE212__C1372_L=10789=_2,SE21__C47_L=127688=_48,SE21__C491_L=24120=_17,SE21__C3305_L=6636=_3,SE21__C4434_L=5442=_1,SE21__C490_L=24135=_13,SE21__C771_L=17455=_6,SE27__C649_L=22882=_16,SE27__C1151_L=15512=_6,SE30__C1044_L=25210=_7,SE30__C870_L=27871=_24,SE30__C5082_L=9611=_7,SE30__C546_L=35587=_6,SE49__C466_L=13455=_8,SE49__C362_L=14917=_6,SE4__C509_L=9289=_2,SE52__C1814_L=6530=_2,SE52__C839_L=10946=_8,SE55__C1114_L=6644=_1,SE56__C45_L=27205=_25,SE68__C967_L=6807=_2,SE70__C729_L=7390=_1,SE70__C81_L=86492=_61,SE72__C24_L=127688=_48,SE75__C577_L=13247=_12,SE75__C709_L=11325=_9,SE8__C2691_L=6007=_1,SE8__C1631_L=8337=_1,SE8__C2956_L=5631=_2,SE8__C2283_L=6714=_3,SE99__C673_L=14022=_11,SH__C13_L=557443;_316,SH__C179_L=165405;_55,SH__C8414_L=14946;_8,SH__C9972_L=13223;_6,SH__C72_L=271655;_1,SH__C87_L=246657;_202,SH__C10355_L=12874;_5,SH__C13055_L=10917;_5,SH__C1653_L=43388;_22,SH__C12901_L=11022;_4,SH__C4356_L=23149;_22,SH__C1468_L=46567;_33,SH__C7113_L=16699;_5,SH__C1152_L=53506;_34,SH__C1574_L=44718;_35,SH__C147_L=181440;_65,SH__C2249_L=35796;_12,SH__C5122_L=20807;_3,SH__C20984_L=7808;_2,SH__C4705_L=22029;_13,SH__C831_L=65040;_30,SH__C32637_L=5685;_4,SH__C1778_L=41497;_28,SH__C47_L=337656;_99,SH__C1196_L=52291;_4,SH__C6717_L=17325;_7,SH__C21428_L=7688;_1,SH__C67661_L=3290;_1,SH__C269_L=127913;_93,SH__C10375_L=12858;_9,SH__C44812_L=4486;_2,SH__C30872_L=5920;_4,SH__C34995_L=5408;_1,SH__C3732_L=25517;_4
FS177__C100_L=13996;_13,1255.0,861.0,885.0,779.0,896.0,456.0,712.0,711.0,721.0,718.0,721.0,484.0,728.0,713.0,708.0,714.0,691.0,714.0,654.0,719.0,721.0,705.0,640.0,599.0,691.0,857.0,714.0,704.0,711.0,669.0,595.0,672.0,604.0,636.0,668.0,529.0,668.0,559.0,658.0,722.0,858.0,902.0,832.0,904.0,700.0,894.0,485.0,885.0,680.0,714.0,886.0,467.0,898.0,731.0,673.0,868.0,718.0,643.0,712.0,816.0,703.0,717.0,894.0,675.0,909.0,845.0,854.0,675.0,907.0,888.0,864.0,826.0,894.0,914.0,685.0,707.0,764.0,718.0,718.0,898.0,659.0,738.0,839.0,718.0,894.0,717.0,706.0,677.0,672.0,617.0,542.0,656.0,646.0,632.0,668.0,651.0,610.0,658.0,656.0,709.0,700.0,711.0,713.0,710.0,923.0,763.0,718.0,576.0,686.0,692.0,634.0,462.0,465.0,605.0,676.0,643.0,625.0,574.0,684.0,697.0
FS177__C227_L=8378;_4,861.0,1256.0,846.0,742.0,863.0,445.0,698.0,708.0,693.0,711.0,710.0,477.0,717.0,699.0,696.0,710.0,690.0,699.0,648.0,712.0,696.0,705.0,642.0,597.0,681.0,806.0,695.0,687.0,704.0,669.0,589.0,670.0,604.0,641.0,664.0,533.0,677.0,564.0,664.0,719.0,726.0,843.0,798.0,855.0,707.0,857.0,482.0,827.0,699.0,705.0,853.0,455.0,831.0,713.0,672.0,838.0,702.0,630.0,718.0,774.0,692.0,710.0,857.0,703.0,856.0,813.0,878.0,703.0,857.0,853.0,931.0,820.0,845.0,859.0,672.0,692.0,725.0,702.0,702.0,831.0,667.0,716.0,899.0,702.0,857.0,710.0,695.0,676.0,693.0,614.0,545.0,648.0,619.0,619.0,661.0,619.0,608.0,643.0,647.0,704.0,698.0,691.0,701.0,708.0,871.0,747.0,707.0,564.0,680.0,691.0,621.0,430.0,447.0,592.0,676.0,624.0,622.0,572.0,670.0,698.0
S243__C14230_L=3895=_1,885.0,846.0,1165.0,798.0,919.0,433.0,656.0,661.0,656.0,658.0,658.0,459.0,676.0,667.0,647.0,653.0,636.0,651.0,626.0,670.0,660.0,659.0,594.0,544.0,638.0,816.0,663.0,639.0,665.0,650.0,570.0,625.0,565.0,602.0,631.0,507.0,640.0,553.0,630.0,675.0,737.0,919.0,787.0,928.0,672.0,910.0,453.0,922.0,668.0,660.0,872.0,433.0,856.0,663.0,652.0,943.0,659.0,596.0,662.0,826.0,646.0,656.0,910.0,653.0,944.0,827.0,803.0,653.0,944.0,885.0,833.0,781.0,864.0,948.0,630.0,651.0,761.0,659.0,659.0,856.0,618.0,722.0,814.0,659.0,910.0,662.0,646.0,651.0,648.0,592.0,515.0,622.0,593.0,584.0,642.0,607.0,561.0,619.0,620.0,658.0,642.0,645.0,654.0,650.0,927.0,713.0,670.0,552.0,641.0,646.0,591.0,424.0,432.0,557.0,651.0,593.0,596.0,580.0,634.0,642.0
S244__C20752_L=6357=_4,779.0,742.0,798.0,1041.0,836.0,416.0,606.0,606.0,609.0,609.0,602.0,437.0,621.0,613.0,602.0,611.0,587.0,605.0,556.0,613.0,608.0,607.0,567.0,580.0,589.0,727.0,612.0,592.0,610.0,580.0,493.0,594.0,571.0,624.0,583.0,484.0,586.0,479.0,570.0,626.0,743.0,824.0,724.0,844.0,720.0,837.0,442.0,825.0,613.0,618.0,771.0,430.0,742.0,602.0,586.0,816.0,615.0,542.0,611.0,843.0,598.0,617.0,837.0,603.0,849.0,735.0,729.0,603.0,847.0,792.0,746.0,689.0,757.0,849.0,596.0,603.0,844.0,615.0,615.0,742.0,576.0,620.0,739.0,615.0,837.0,609.0,591.0,583.0,594.0,524.0,449.0,565.0,557.0,540.0,581.0,555.0,597.0,560.0,561.0,616.0,588.0,593.0,611.0,609.0,841.0,655.0,616.0,475.0,588.0,592.0,544.0,409.0,420.0,543.0,591.0,547.0,569.0,480.0,591.0,595.0
S244__C14022_L=7807=_2,896.0,863.0,919.0,836.0,1245.0,451.0,693.0,702.0,702.0,703.0,702.0,472.0,723.0,715.0,704.0,713.0,689.0,697.0,648.0,703.0,703.0,704.0,623.0,588.0,685.0,870.0,716.0,682.0,699.0,671.0,587.0,669.0,604.0,643.0,660.0,528.0,666.0,563.0,662.0,718.0,747.0,1044.0,837.0,1027.0,690.0,1085.0,479.0,919.0,675.0,706.0,895.0,466.0,896.0,704.0,675.0,947.0,697.0,635.0,705.0,919.0,701.0,704.0,1085.0,673.0,1028.0,855.0,842.0,673.0,1026.0,932.0,885.0,818.0,905.0,1020.0,669.0,704.0,855.0,697.0,697.0,896.0,662.0,735.0,868.0,697.0,1085.0,707.0,691.0,674.0,677.0,602.0,534.0,643.0,631.0,632.0,664.0,641.0,602.0,641.0,645.0,704.0,689.0,704.0,698.0,703.0,1062.0,757.0,711.0,565.0,686.0,690.0,615.0,450.0,455.0,594.0,673.0,632.0,621.0,572.0,670.0,688.0
S244__C3835_L=14983=_4,456.0,445.0,433.0,416.0,451.0,1146.0,443.0,446.0,449.0,452.0,447.0,436.0,447.0,454.0,448.0,448.0,453.0,449.0,428.0,442.0,449.0,453.0,415.0,404.0,456.0,455.0,454.0,444.0,449.0,441.0,412.0,452.0,418.0,426.0,441.0,490.0,436.0,401.0,441.0,444.0,406.0,451.0,451.0,453.0,413.0,455.0,551.0,450.0,447.0,455.0,446.0,711.0,462.0,452.0,435.0,430.0,444.0,449.0,451.0,437.0,452.0,453.0,455.0,446.0,454.0,445.0,451.0,446.0,454.0,452.0,450.0,444.0,460.0,452.0,440.0,449.0,425.0,444.0,444.0,462.0,448.0,410.0,448.0,444.0,455.0,453.0,444.0,447.0,440.0,419.0,396.0,444.0,438.0,442.0,444.0,444.0,416.0,446.0,445.0,451.0,442.0,451.0,450.0,452.0,498.0,464.0,454.0,404.0,457.0,458.0,451.0,617.0,511.0,425.0,444.0,442.0,429.0,402.0,446.0,443.0
S285__C2915_L=28090=_15,712.0,698.0,656.0,606.0,693.0,443.0,1252.0,1159.0,881.0,886.0,900.0,480.0,892.0,884.0,874.0,882.0,910.0,842.0,832.0,873.0,875.0,846.0,830.0,709.0,788.0,690.0,879.0,918.0,867.0,681.0,740.0,668.0,613.0,621.0,671.0,533.0,662.0,568.0,685.0,882.0,605.0,696.0,687.0,700.0,623.0,695.0,471.0,672.0,684.0,893.0,696.0,465.0,702.0,907.0,676.0,673.0,893.0,654.0,893.0,645.0,873.0,898.0,695.0,667.0,707.0,705.0,716.0,667.0,706.0,689.0,697.0,739.0,702.0,705.0,837.0,869.0,609.0,893.0,893.0,702.0,681.0,619.0,689.0,893.0,695.0,881.0,908.0,691.0,685.0,721.0,741.0,656.0,651.0,643.0,677.0,650.0,737.0,655.0,658.0,894.0,925.0,876.0,882.0,896.0,709.0,749.0,890.0,582.0,790.0,795.0,654.0,444.0,455.0,605.0,695.0,646.0,628.0,579.0,800.0,915.0
S285__C4850_L=20397=_7,711.0,708.0,661.0,606.0,702.0,446.0,1159.0,1252.0,882.0,882.0,902.0,481.0,900.0,892.0,869.0,891.0,905.0,836.0,841.0,872.0,881.0,830.0,835.0,698.0,785.0,686.0,883.0,921.0,869.0,677.0,740.0,666.0,610.0,619.0,660.0,532.0,664.0,567.0,689.0,883.0,603.0,693.0,692.0,705.0,621.0,693.0,470.0,668.0,686.0,901.0,692.0,463.0,701.0,903.0,676.0,673.0,891.0,653.0,899.0,646.0,876.0,891.0,693.0,672.0,710.0,702.0,722.0,672.0,709.0,688.0,702.0,739.0,697.0,708.0,833.0,865.0,613.0,891.0,891.0,701.0,680.0,621.0,690.0,891.0,693.0,888.0,907.0,684.0,692.0,712.0,738.0,655.0,655.0,646.0,670.0,655.0,740.0,652.0,657.0,897.0,937.0,867.0,883.0,894.0,706.0,754.0,896.0,576.0,790.0,790.0,652.0,443.0,453.0,605.0,691.0,655.0,627.0,577.0,793.0,913.0
S285__C1026_L=50631=_11,721.0,693.0,656.0,609.0,702.0,449.0,881.0,882.0,1248.0,880.0,885.0,482.0,908.0,1072.0,987.0,876.0,869.0,838.0,827.0,870.0,1213.0,828.0,801.0,698.0,813.0,679.0,1077.0,879.0,866.0,660.0,756.0,679.0,609.0,610.0,661.0,525.0,658.0,565.0,666.0,881.0,613.0,691.0,699.0,706.0,615.0,697.0,472.0,665.0,667.0,893.0,702.0,467.0,700.0,883.0,661.0,677.0,890.0,651.0,898.0,646.0,984.0,893.0,697.0,665.0,705.0,696.0,711.0,665.0,706.0,696.0,700.0,733.0,705.0,711.0,853.0,991.0,608.0,890.0,890.0,700.0,678.0,626.0,687.0,890.0,697.0,884.0,877.0,667.0,682.0,736.0,704.0,670.0,650.0,643.0,659.0,658.0,744.0,669.0,670.0,891.0,884.0,993.0,877.0,885.0,708.0,738.0,904.0,590.0,819.0,821.0,663.0,444.0,458.0,609.0,668.0,659.0,607.0,566.0,817.0,876.0
S285__C2951_L=27898=_18,718.0,711.0,658.0,609.0,703.0,452.0,886.0,882.0,880.0,1243.0,971.0,479.0,932.0,888.0,887.0,887.0,869.0,892.0,854.0,912.0,879.0,881.0,782.0,742.0,813.0,686.0,884.0,866.0,1093.0,688.0,762.0,685.0,633.0,630.0,686.0,521.0,673.0,578.0,658.0,884.0,601.0,694.0,690.0,701.0,614.0,700.0,462.0,675.0,677.0,924.0,703.0,460.0,700.0,972.0,692.0,682.0,920.0,660.0,928.0,640.0,884.0,916.0,700.0,679.0,706.0,702.0,725.0,679.0,705.0,691.0,716.0,720.0,696.0,708.0,860.0,884.0,608.0,920.0,920.0,700.0,685.0,617.0,707.0,920.0,700.0,908.0,879.0,694.0,694.0,741.0,702.0,671.0,649.0,638.0,681.0,662.0,767.0,669.0,665.0,920.0,859.0,887.0,955.0,924.0,704.0,760.0,924.0,577.0,813.0,807.0,646.0,441.0,455.0,606.0,693.0,653.0,634.0,583.0,806.0,874.0
S285__C140_L=130936=_21,721.0,710.0,658.0,602.0,702.0,447.0,900.0,902.0,885.0,971.0,1247.0,480.0,974.0,892.0,896.0,900.0,901.0,889.0,862.0,915.0,885.0,905.0,805.0,743.0,817.0,683.0,890.0,892.0,958.0,691.0,771.0,673.0,619.0,623.0,680.0,533.0,665.0,573.0,670.0,902.0,605.0,696.0,690.0,702.0,610.0,708.0,467.0,668.0,689.0,938.0,692.0,464.0,703.0,1181.0,692.0,679.0,924.0,662.0,929.0,643.0,906.0,928.0,708.0,686.0,702.0,706.0,715.0,686.0,701.0,692.0,703.0,726.0,698.0,704.0,877.0,894.0,611.0,924.0,924.0,703.0,686.0,611.0,686.0,924.0,708.0,925.0,901.0,695.0,698.0,766.0,707.0,673.0,647.0,646.0,689.0,652.0,770.0,673.0,669.0,922.0,896.0,909.0,943.0,919.0,702.0,758.0,936.0,577.0,815.0,800.0,660.0,446.0,464.0,612.0,698.0,655.0,645.0,589.0,831.0,908.0
S285__C27_L=253622=_99,484.0,477.0,459.0,437.0,472.0,436.0,480.0,481.0,482.0,479.0,480.0,1274.0,491.0,482.0,480.0,470.0,483.0,482.0,458.0,489.0,484.0,484.0,447.0,435.0,480.0,474.0,477.0,475.0,477.0,467.0,444.0,468.0,434.0,443.0,471.0,590.0,476.0,440.0,463.0,489.0,427.0,481.0,476.0,473.0,424.0,471.0,475.0,471.0,470.0,479.0,480.0,453.0,484.0,479.0,473.0,469.0,478.0,463.0,483.0,451.0,475.0,485.0,471.0,476.0,477.0,466.0,483.0,476.0,476.0,482.0,476.0,470.0,484.0,477.0,471.0,477.0,432.0,478.0,478.0,484.0,468.0,445.0,476.0,478.0,471.0,483.0,468.0,464.0,468.0,449.0,420.0,458.0,456.0,455.0,468.0,460.0,434.0,456.0,454.0,484.0,478.0,483.0,478.0,482.0,545.0,484.0,485.0,428.0,476.0,483.0,459.0,427.0,444.0,432.0,460.0,462.0,451.0,429.0,470.0,479.0
S285__C297_L=94849=_52,728.0,717.0,676.0,621.0,723.0,447.0,892.0,900.0,908.0,932.0,974.0,491.0,1248.0,910.0,897.0,908.0,902.0,871.0,867.0,920.0,903.0,881.0,810.0,735.0,828.0,697.0,905.0,900.0,920.0,674.0,773.0,672.0,617.0,640.0,664.0,532.0,672.0,570.0,664.0,1015.0,622.0,710.0,693.0,716.0,638.0,707.0,474.0,685.0,679.0,932.0,717.0,460.0,705.0,968.0,686.0,696.0,931.0,658.0,931.0,642.0,911.0,928.0,707.0,679.0,711.0,711.0,731.0,679.0,711.0,706.0,724.0,748.0,715.0,710.0,870.0,903.0,610.0,931.0,931.0,705.0,679.0,612.0,704.0,931.0,707.0,916.0,908.0,679.0,689.0,765.0,722.0,664.0,653.0,645.0,676.0,647.0,771.0,663.0,657.0,922.0,903.0,916.0,913.0,926.0,720.0,772.0,930.0,574.0,823.0,811.0,653.0,443.0,455.0,599.0,685.0,652.0,630.0,577.0,842.0,903.0
S285__C9455_L=12507=_6,713.0,699.0,667.0,613.0,715.0,454.0,884.0,892.0,1072.0,888.0,892.0,482.0,910.0,1254.0,1001.0,896.0,872.0,844.0,827.0,873.0,1073.0,833.0,798.0,700.0,811.0,703.0,1200.0,887.0,877.0,672.0,764.0,681.0,614.0,628.0,676.0,526.0,670.0,569.0,671.0,893.0,612.0,699.0,710.0,709.0,617.0,712.0,479.0,669.0,677.0,900.0,705.0,464.0,708.0,894.0,675.0,682.0,894.0,654.0,903.0,648.0,998.0,902.0,712.0,670.0,709.0,702.0,718.0,670.0,710.0,703.0,699.0,733.0,707.0,707.0,850.0,997.0,608.0,894.0,894.0,708.0,695.0,626.0,698.0,894.0,712.0,896.0,880.0,682.0,701.0,737.0,720.0,664.0,659.0,643.0,667.0,658.0,746.0,659.0,665.0,897.0,883.0,995.0,883.0,893.0,719.0,745.0,911.0,581.0,818.0,822.0,663.0,434.0,459.0,596.0,683.0,652.0,621.0,575.0,810.0,876.0
S285__C12129_L=10232=_6,708.0,696.0,647.0,602.0,704.0,448.0,874.0,869.0,987.0,887.0,896.0,480.0,897.0,1001.0,1232.0,863.0,866.0,832.0,822.0,863.0,983.0,837.0,796.0,682.0,797.0,678.0,994.0,871.0,874.0,677.0,746.0,681.0,619.0,615.0,668.0,521.0,670.0,574.0,675.0,869.0,601.0,697.0,694.0,693.0,608.0,708.0,464.0,660.0,670.0,893.0,691.0,462.0,695.0,898.0,674.0,665.0,884.0,661.0,886.0,630.0,1110.0,888.0,708.0,682.0,693.0,695.0,697.0,682.0,694.0,682.0,696.0,719.0,704.0,692.0,844.0,1083.0,598.0,884.0,884.0,695.0,689.0,609.0,688.0,884.0,708.0,892.0,870.0,679.0,693.0,736.0,710.0,658.0,656.0,648.0,668.0,659.0,737.0,657.0,662.0,889.0,875.0,1070.0,863.0,892.0,713.0,743.0,901.0,571.0,807.0,813.0,661.0,437.0,451.0,600.0,681.0,655.0,614.0,582.0,803.0,882.0
S285__C709_L=62533=_5,714.0,710.0,653.0,611.0,713.0,448.0,882.0,891.0,876.0,887.0,900.0,470.0,908.0,896.0,863.0,1260.0,885.0,860.0,868.0,874.0,873.0,848.0,792.0,719.0,806.0,694.0,893.0,880.0,883.0,668.0,755.0,666.0,609.0,637.0,663.0,530.0,656.0,561.0,663.0,905.0,614.0,712.0,702.0,716.0,615.0,717.0,470.0,671.0,683.0,923.0,703.0,464.0,712.0,899.0,671.0,686.0,931.0,645.0,919.0,649.0,865.0,933.0,717.0,667.0,711.0,705.0,728.0,667.0,710.0,704.0,718.0,732.0,710.0,712.0,885.0,861.0,612.0,931.0,931.0,712.0,675.0,628.0,700.0,931.0,717.0,927.0,879.0,674.0,697.0,739.0,705.0,646.0,657.0,644.0,661.0,651.0,760.0,643.0,649.0,907.0,875.0,858.0,895.0,919.0,718.0,752.0,927.0,558.0,802.0,800.0,649.0,442.0,454.0,604.0,670.0,652.0,617.0,575.0,811.0,861.0
S285__C1175_L=47089=_33,691.0,690.0,636.0,587.0,689.0,453.0,910.0,905.0,869.0,869.0,901.0,483.0,902.0,872.0,866.0,885.0,1255.0,845.0,830.0,872.0,875.0,841.0,837.0,685.0,798.0,664.0,867.0,918.0,872.0,664.0,752.0,660.0,605.0,602.0,661.0,533.0,659.0,559.0,653.0,877.0,586.0,681.0,671.0,685.0,600.0,682.0,465.0,639.0,673.0,897.0,675.0,468.0,675.0,903.0,667.0,661.0,899.0,644.0,905.0,620.0,873.0,901.0,682.0,655.0,687.0,679.0,702.0,655.0,688.0,669.0,701.0,712.0,676.0,682.0,850.0,867.0,587.0,899.0,899.0,675.0,666.0,604.0,686.0,899.0,682.0,898.0,940.0,670.0,674.0,738.0,736.0,663.0,644.0,636.0,652.0,652.0,750.0,667.0,660.0,895.0,935.0,872.0,876.0,903.0,698.0,734.0,914.0,568.0,806.0,794.0,642.0,450.0,463.0,606.0,671.0,658.0,609.0,560.0,809.0,910.0
S285__C901_L=54752=_40,714.0,699.0,651.0,605.0,697.0,449.0,842.0,836.0,838.0,892.0,889.0,482.0,871.0,844.0,832.0,860.0,845.0,1246.0,794.0,868.0,833.0,1085.0,748.0,780.0,776.0,679.0,842.0,822.0,882.0,680.0,719.0,670.0,606.0,628.0,661.0,523.0,648.0,554.0,639.0,872.0,607.0,692.0,685.0,702.0,617.0,703.0,479.0,659.0,673.0,879.0,688.0,481.0,697.0,891.0,686.0,669.0,862.0,648.0,859.0,630.0,831.0,870.0,703.0,660.0,694.0,683.0,717.0,660.0,694.0,695.0,694.0,710.0,696.0,696.0,819.0,837.0,600.0,862.0,862.0,697.0,666.0,608.0,681.0,862.0,703.0,864.0,837.0,685.0,671.0,710.0,652.0,657.0,638.0,634.0,675.0,636.0,723.0,653.0,650.0,854.0,832.0,836.0,876.0,858.0,705.0,744.0,870.0,557.0,784.0,774.0,627.0,440.0,457.0,594.0,686.0,636.0,630.0,568.0,781.0,824.0
S285__C38247_L=3632=_1,654.0,648.0,626.0,556.0,648.0,428.0,832.0,841.0,827.0,854.0,862.0,458.0,867.0,827.0,822.0,868.0,830.0,794.0,1184.0,841.0,824.0,782.0,778.0,641.0,751.0,634.0,828.0,839.0,850.0,640.0,761.0,618.0,576.0,579.0,633.0,498.0,614.0,562.0,625.0,838.0,570.0,639.0,635.0,647.0,559.0,648.0,450.0,610.0,644.0,962.0,641.0,435.0,661.0,858.0,644.0,643.0,965.0,600.0,979.0,588.0,832.0,946.0,648.0,648.0,644.0,643.0,661.0,648.0,643.0,630.0,661.0,691.0,659.0,648.0,902.0,829.0,547.0,965.0,965.0,661.0,645.0,615.0,641.0,965.0,648.0,944.0,826.0,636.0,646.0,748.0,721.0,625.0,606.0,608.0,636.0,610.0,798.0,624.0,624.0,972.0,834.0,838.0,839.0,967.0,656.0,707.0,978.0,570.0,755.0,759.0,618.0,421.0,443.0,574.0,640.0,608.0,588.0,581.0,760.0,817.0
S285__C22669_L=5968=_2,719.0,712.0,670.0,613.0,703.0,442.0,873.0,872.0,870.0,912.0,915.0,489.0,920.0,873.0,863.0,874.0,872.0,868.0,841.0,1245.0,868.0,862.0,783.0,729.0,800.0,695.0,875.0,862.0,911.0,679.0,745.0,674.0,623.0,624.0,671.0,533.0,656.0,576.0,648.0,916.0,609.0,707.0,689.0,705.0,608.0,708.0,469.0,677.0,675.0,906.0,719.0,459.0,701.0,922.0,676.0,694.0,903.0,629.0,905.0,646.0,854.0,903.0,708.0,664.0,711.0,703.0,713.0,664.0,710.0,687.0,713.0,734.0,692.0,708.0,850.0,866.0,605.0,903.0,903.0,701.0,673.0,621.0,693.0,903.0,708.0,903.0,866.0,682.0,683.0,723.0,695.0,660.0,646.0,638.0,669.0,650.0,751.0,653.0,657.0,897.0,866.0,873.0,892.0,907.0,724.0,754.0,909.0,571.0,803.0,802.0,644.0,442.0,444.0,600.0,680.0,642.0,622.0,572.0,797.0,862.0
S285__C25616_L=5334=_2,721.0,696.0,660.0,608.0,703.0,449.0,875.0,881.0,1213.0,879.0,885.0,484.0,903.0,1073.0,983.0,873.0,875.0,833.0,824.0,868.0,1248.0,831.0,803.0,701.0,814.0,685.0,1076.0,881.0,864.0,666.0,747.0,673.0,611.0,607.0,660.0,526.0,664.0,570.0,665.0,880.0,607.0,694.0,701.0,705.0,608.0,701.0,471.0,664.0,662.0,891.0,697.0,468.0,697.0,883.0,667.0,673.0,886.0,654.0,894.0,648.0,987.0,888.0,701.0,667.0,705.0,699.0,712.0,667.0,706.0,689.0,703.0,733.0,705.0,711.0,845.0,990.0,605.0,886.0,886.0,697.0,679.0,622.0,690.0,886.0,701.0,879.0,871.0,669.0,683.0,736.0,707.0,670.0,654.0,648.0,665.0,661.0,744.0,668.0,672.0,890.0,885.0,991.0,877.0,884.0,712.0,741.0,900.0,588.0,822.0,823.0,663.0,445.0,460.0,608.0,676.0,661.0,614.0,571.0,819.0,875.0
S285__C12236_L=10165=_4,705.0,705.0,659.0,607.0,704.0,453.0,846.0,830.0,828.0,881.0,905.0,484.0,881.0,833.0,837.0,848.0,841.0,1085.0,782.0,862.0,831.0,1245.0,742.0,779.0,783.0,682.0,834.0,823.0,881.0,686.0,722.0,652.0,612.0,613.0,661.0,537.0,662.0,554.0,643.0,872.0,603.0,703.0,684.0,708.0,627.0,704.0,472.0,659.0,680.0,866.0,683.0,468.0,689.0,900.0,684.0,682.0,861.0,645.0,858.0,646.0,834.0,871.0,704.0,666.0,707.0,684.0,719.0,666.0,706.0,695.0,699.0,713.0,696.0,708.0,812.0,834.0,606.0,861.0,861.0,689.0,671.0,613.0,683.0,861.0,704.0,860.0,828.0,687.0,672.0,712.0,655.0,657.0,631.0,638.0,677.0,637.0,715.0,654.0,654.0,850.0,828.0,839.0,860.0,852.0,714.0,728.0,860.0,552.0,785.0,775.0,628.0,439.0,461.0,598.0,688.0,639.0,632.0,572.0,782.0,830.0
S285__C41489_L=3358=_1,640.0,642.0,594.0,567.0,623.0,415.0,830.0,835.0,801.0,782.0,805.0,447.0,810.0,798.0,796.0,792.0,837.0,748.0,778.0,783.0,803.0,742.0,1119.0,663.0,703.0,605.0,797.0,977.0,774.0,612.0,675.0,603.0,581.0,597.0,604.0,484.0,599.0,506.0,609.0,782.0,584.0,613.0,617.0,625.0,582.0,625.0,443.0,619.0,617.0,816.0,608.0,429.0,628.0,808.0,616.0,617.0,825.0,596.0,832.0,603.0,810.0,816.0,625.0,609.0,618.0,622.0,649.0,609.0,617.0,617.0,641.0,672.0,629.0,626.0,817.0,813.0,561.0,825.0,825.0,628.0,618.0,563.0,645.0,825.0,625.0,821.0,824.0,617.0,632.0,676.0,788.0,604.0,604.0,585.0,608.0,597.0,729.0,604.0,609.0,810.0,1034.0,798.0,779.0,823.0,622.0,673.0,817.0,528.0,706.0,706.0,597.0,410.0,431.0,598.0,620.0,601.0,605.0,515.0,734.0,840.0
S285__C43883_L=3182=_2,599.0,597.0,544.0,580.0,588.0,404.0,709.0,698.0,698.0,742.0,743.0,435.0,735.0,700.0,682.0,719.0,685.0,780.0,641.0,729.0,701.0,779.0,663.0,1028.0,664.0,595.0,699.0,680.0,728.0,567.0,582.0,581.0,554.0,589.0,579.0,468.0,561.0,460.0,559.0,728.0,566.0,583.0,595.0,589.0,580.0,581.0,431.0,586.0,581.0,719.0,585.0,419.0,590.0,746.0,582.0,568.0,717.0,547.0,706.0,590.0,693.0,718.0,581.0,566.0,591.0,588.0,606.0,566.0,590.0,576.0,599.0,604.0,591.0,590.0,700.0,701.0,567.0,717.0,717.0,590.0,569.0,519.0,598.0,717.0,581.0,704.0,684.0,572.0,582.0,598.0,518.0,552.0,544.0,544.0,569.0,549.0,698.0,547.0,547.0,701.0,683.0,702.0,721.0,708.0,598.0,619.0,712.0,470.0,662.0,649.0,534.0,406.0,415.0,537.0,574.0,542.0,564.0,475.0,660.0,696.0
S285__C101_L=151890=_114,691.0,681.0,638.0,589.0,685.0,456.0,788.0,785.0,813.0,813.0,817.0,480.0,828.0,811.0,797.0,806.0,798.0,776.0,751.0,800.0,814.0,783.0,703.0,664.0,1250.0,681.0,820.0,787.0,805.0,670.0,686.0,674.0,611.0,613.0,677.0,529.0,663.0,566.0,659.0,809.0,584.0,674.0,677.0,696.0,605.0,693.0,467.0,648.0,659.0,825.0,676.0,473.0,685.0,814.0,669.0,660.0,814.0,651.0,821.0,637.0,814.0,822.0,693.0,664.0,694.0,679.0,708.0,664.0,693.0,666.0,688.0,719.0,681.0,695.0,787.0,813.0,604.0,814.0,814.0,685.0,659.0,607.0,673.0,814.0,693.0,819.0,783.0,685.0,669.0,693.0,616.0,669.0,658.0,663.0,674.0,646.0,691.0,667.0,664.0,821.0,792.0,820.0,806.0,822.0,702.0,750.0,842.0,566.0,1154.0,1045.0,652.0,444.0,454.0,610.0,682.0,669.0,624.0,566.0,761.0,794.0
S285__C1220_L=46161=_31,857.0,806.0,816.0,727.0,870.0,455.0,690.0,686.0,679.0,686.0,683.0,474.0,697.0,703.0,678.0,694.0,664.0,679.0,634.0,695.0,685.0,682.0,605.0,595.0,681.0,1226.0,697.0,670.0,689.0,661.0,578.0,674.0,591.0,610.0,654.0,516.0,634.0,560.0,643.0,703.0,713.0,870.0,858.0,867.0,664.0,865.0,473.0,810.0,688.0,694.0,914.0,452.0,836.0,681.0,658.0,830.0,693.0,615.0,695.0,785.0,675.0,691.0,865.0,658.0,880.0,890.0,797.0,658.0,878.0,850.0,805.0,768.0,839.0,881.0,658.0,685.0,725.0,693.0,693.0,836.0,648.0,749.0,793.0,693.0,865.0,693.0,674.0,659.0,668.0,616.0,523.0,642.0,630.0,630.0,654.0,627.0,600.0,640.0,639.0,693.0,678.0,678.0,679.0,691.0,880.0,732.0,692.0,557.0,682.0,688.0,617.0,442.0,443.0,572.0,655.0,640.0,611.0,560.0,677.0,679.0
S285__C3581_L=24847=_5,714.0,695.0,663.0,612.0,716.0,454.0,879.0,883.0,1077.0,884.0,890.0,477.0,905.0,1200.0,994.0,893.0,867.0,842.0,828.0,875.0,1076.0,834.0,797.0,699.0,820.0,697.0,1247.0,881.0,876.0,675.0,763.0,677.0,616.0,623.0,682.0,525.0,667.0,571.0,672.0,886.0,608.0,704.0,704.0,709.0,622.0,714.0,474.0,664.0,675.0,901.0,706.0,464.0,707.0,897.0,679.0,684.0,890.0,659.0,906.0,640.0,992.0,897.0,714.0,668.0,709.0,700.0,714.0,668.0,710.0,703.0,699.0,731.0,704.0,706.0,856.0,989.0,604.0,890.0,890.0,707.0,697.0,625.0,695.0,890.0,714.0,895.0,882.0,679.0,702.0,731.0,716.0,665.0,657.0,647.0,669.0,658.0,751.0,665.0,668.0,898.0,882.0,993.0,884.0,894.0,721.0,749.0,912.0,584.0,820.0,828.0,669.0,437.0,458.0,599.0,682.0,658.0,623.0,578.0,806.0,873.0
S285__C1_L=650655=_455,704.0,687.0,639.0,592.0,682.0,444.0,918.0,921.0,879.0,866.0,892.0,475.0,900.0,887.0,871.0,880.0,918.0,822.0,839.0,862.0,881.0,823.0,977.0,680.0,787.0,670.0,881.0,1258.0,863.0,670.0,740.0,653.0,607.0,619.0,657.0,530.0,654.0,555.0,663.0,874.0,593.0,677.0,676.0,679.0,608.0,684.0,476.0,648.0,666.0,910.0,670.0,466.0,693.0,894.0,678.0,662.0,909.0,650.0,908.0,616.0,882.0,905.0,684.0,665.0,682.0,678.0,699.0,665.0,681.0,675.0,704.0,731.0,691.0,682.0,860.0,891.0,586.0,909.0,909.0,693.0,683.0,605.0,695.0,909.0,684.0,907.0,922.0,674.0,684.0,721.0,878.0,662.0,643.0,636.0,668.0,644.0,751.0,661.0,663.0,902.0,1111.0,885.0,868.0,914.0,692.0,745.0,906.0,569.0,791.0,786.0,653.0,444.0,462.0,603.0,676.0,649.0,621.0,571.0,795.0,929.0
S285__C577_L=68402=_35,711.0,704.0,665.0,610.0,699.0,449.0,867.0,869.0,866.0,1093.0,958.0,477.0,920.0,877.0,874.0,883.0,872.0,882.0,850.0,911.0,864.0,881.0,774.0,728.0,805.0,689.0,876.0,863.0,1244.0,682.0,764.0,684.0,618.0,618.0,686.0,519.0,668.0,571.0,657.0,882.0,599.0,697.0,678.0,700.0,612.0,690.0,468.0,675.0,683.0,913.0,702.0,462.0,700.0,969.0,697.0,691.0,901.0,655.0,907.0,639.0,869.0,904.0,690.0,683.0,706.0,698.0,718.0,683.0,705.0,690.0,718.0,719.0,691.0,701.0,843.0,869.0,605.0,901.0,901.0,700.0,688.0,611.0,707.0,901.0,690.0,900.0,880.0,688.0,697.0,739.0,695.0,664.0,648.0,640.0,677.0,660.0,755.0,667.0,661.0,908.0,864.0,876.0,936.0,901.0,707.0,749.0,913.0,574.0,798.0,806.0,649.0,447.0,464.0,605.0,686.0,650.0,629.0,588.0,805.0,853.0
S285__C10207_L=11748=_9,669.0,669.0,650.0,580.0,671.0,441.0,681.0,677.0,660.0,688.0,691.0,467.0,674.0,672.0,677.0,668.0,664.0,680.0,640.0,679.0,666.0,686.0,612.0,567.0,670.0,661.0,675.0,670.0,682.0,1192.0,554.0,712.0,666.0,573.0,752.0,504.0,728.0,622.0,731.0,664.0,580.0,656.0,667.0,664.0,596.0,663.0,454.0,640.0,738.0,688.0,674.0,459.0,646.0,689.0,1007.0,644.0,677.0,691.0,671.0,610.0,679.0,667.0,663.0,735.0,672.0,654.0,693.0,735.0,670.0,658.0,669.0,684.0,650.0,675.0,639.0,682.0,579.0,677.0,677.0,646.0,744.0,602.0,652.0,677.0,663.0,675.0,663.0,1118.0,756.0,603.0,516.0,720.0,701.0,691.0,984.0,709.0,577.0,722.0,729.0,673.0,664.0,682.0,676.0,672.0,669.0,676.0,683.0,614.0,675.0,672.0,696.0,439.0,451.0,651.0,1105.0,711.0,896.0,854.0,664.0,674.0
S285__C20267_L=6616=_1,595.0,589.0,570.0,493.0,587.0,412.0,740.0,740.0,756.0,762.0,771.0,444.0,773.0,764.0,746.0,755.0,752.0,719.0,761.0,745.0,747.0,722.0,675.0,582.0,686.0,578.0,763.0,740.0,764.0,554.0,1084.0,564.0,499.0,514.0,560.0,491.0,551.0,560.0,554.0,776.0,508.0,586.0,585.0,589.0,499.0,590.0,433.0,553.0,590.0,760.0,596.0,419.0,592.0,774.0,567.0,599.0,772.0,548.0,757.0,530.0,751.0,774.0,590.0,568.0,590.0,595.0,603.0,568.0,589.0,589.0,593.0,607.0,600.0,597.0,713.0,750.0,493.0,772.0,772.0,592.0,580.0,578.0,578.0,772.0,590.0,771.0,728.0,560.0,591.0,686.0,708.0,557.0,541.0,540.0,553.0,547.0,613.0,556.0,552.0,758.0,745.0,758.0,752.0,770.0,605.0,643.0,772.0,549.0,683.0,672.0,547.0,402.0,410.0,502.0,564.0,547.0,503.0,561.0,684.0,744.0
S305__C115_L=12654=_3,672.0,670.0,625.0,594.0,669.0,452.0,668.0,666.0,679.0,685.0,673.0,468.0,672.0,681.0,681.0,666.0,660.0,670.0,618.0,674.0,673.0,652.0,603.0,581.0,674.0,674.0,677.0,653.0,684.0,712.0,564.0,1212.0,825.0,592.0,930.0,507.0,772.0,733.0,765.0,661.0,583.0,665.0,650.0,661.0,588.0,664.0,459.0,629.0,782.0,674.0,672.0,455.0,657.0,663.0,722.0,657.0,675.0,767.0,668.0,612.0,667.0,675.0,664.0,771.0,665.0,663.0,690.0,771.0,665.0,651.0,667.0,678.0,652.0,661.0,645.0,679.0,577.0,675.0,675.0,657.0,836.0,586.0,644.0,675.0,664.0,676.0,649.0,726.0,813.0,605.0,525.0,774.0,764.0,764.0,717.0,768.0,583.0,776.0,773.0,670.0,656.0,675.0,677.0,675.0,678.0,685.0,675.0,678.0,670.0,675.0,748.0,443.0,438.0,689.0,728.0,774.0,665.0,621.0,661.0,652.0
S305__C75_L=14806=_16,604.0,604.0,565.0,571.0,604.0,418.0,613.0,610.0,609.0,633.0,619.0,434.0,617.0,614.0,619.0,609.0,605.0,606.0,576.0,623.0,611.0,612.0,581.0,554.0,611.0,591.0,616.0,607.0,618.0,666.0,499.0,825.0,1099.0,564.0,858.0,472.0,695.0,640.0,695.0,612.0,557.0,592.0,581.0,599.0,573.0,607.0,430.0,590.0,692.0,619.0,595.0,428.0,600.0,619.0,662.0,587.0,627.0,697.0,623.0,595.0,612.0,622.0,607.0,703.0,608.0,587.0,618.0,703.0,608.0,599.0,593.0,605.0,596.0,603.0,619.0,612.0,563.0,627.0,627.0,600.0,777.0,513.0,582.0,627.0,607.0,615.0,598.0,674.0,744.0,552.0,470.0,707.0,723.0,697.0,651.0,702.0,582.0,710.0,725.0,628.0,608.0,612.0,613.0,620.0,620.0,611.0,629.0,608.0,615.0,608.0,686.0,425.0,416.0,703.0,675.0,718.0,652.0,549.0,613.0,600.0
S306__C20376_L=4948=_3,636.0,641.0,602.0,624.0,643.0,426.0,621.0,619.0,610.0,630.0,623.0,443.0,640.0,628.0,615.0,637.0,602.0,628.0,579.0,624.0,607.0,613.0,597.0,589.0,613.0,610.0,623.0,619.0,618.0,573.0,514.0,592.0,564.0,1064.0,584.0,488.0,590.0,481.0,598.0,636.0,620.0,633.0,614.0,636.0,628.0,640.0,437.0,634.0,594.0,634.0,623.0,439.0,619.0,633.0,580.0,624.0,631.0,550.0,634.0,631.0,607.0,635.0,640.0,575.0,637.0,618.0,655.0,575.0,636.0,628.0,646.0,654.0,629.0,633.0,629.0,620.0,611.0,631.0,631.0,619.0,601.0,546.0,644.0,631.0,640.0,626.0,618.0,582.0,597.0,540.0,483.0,564.0,547.0,539.0,577.0,556.0,612.0,561.0,559.0,634.0,628.0,609.0,614.0,631.0,646.0,735.0,630.0,468.0,624.0,619.0,547.0,411.0,425.0,557.0,583.0,558.0,571.0,481.0,602.0,607.0
S306__C635_L=38745=_23,668.0,664.0,631.0,583.0,660.0,441.0,671.0,660.0,661.0,686.0,680.0,471.0,664.0,676.0,668.0,663.0,661.0,661.0,633.0,671.0,660.0,661.0,604.0,579.0,677.0,654.0,682.0,657.0,686.0,752.0,560.0,930.0,858.0,584.0,1214.0,513.0,771.0,770.0,767.0,660.0,568.0,657.0,640.0,660.0,584.0,677.0,450.0,629.0,785.0,675.0,662.0,453.0,641.0,672.0,752.0,662.0,682.0,768.0,670.0,605.0,663.0,680.0,677.0,771.0,668.0,648.0,686.0,771.0,666.0,650.0,658.0,660.0,646.0,658.0,654.0,664.0,573.0,682.0,682.0,641.0,871.0,575.0,643.0,682.0,677.0,684.0,651.0,750.0,824.0,604.0,529.0,780.0,787.0,771.0,732.0,774.0,586.0,777.0,787.0,674.0,663.0,662.0,671.0,678.0,673.0,674.0,681.0,679.0,680.0,692.0,759.0,440.0,433.0,695.0,755.0,773.0,682.0,629.0,659.0,658.0
S306__C4576_L=12404=_7,529.0,533.0,507.0,484.0,528.0,490.0,533.0,532.0,525.0,521.0,533.0,590.0,532.0,526.0,521.0,530.0,533.0,523.0,498.0,533.0,526.0,537.0,484.0,468.0,529.0,516.0,525.0,530.0,519.0,504.0,491.0,507.0,472.0,488.0,513.0,1547.0,508.0,470.0,517.0,530.0,473.0,523.0,527.0,519.0,476.0,527.0,507.0,509.0,511.0,522.0,518.0,495.0,531.0,534.0,507.0,515.0,526.0,500.0,528.0,491.0,525.0,526.0,527.0,514.0,524.0,519.0,527.0,514.0,524.0,524.0,529.0,521.0,527.0,514.0,515.0,520.0,477.0,526.0,526.0,531.0,510.0,494.0,517.0,526.0,527.0,531.0,519.0,502.0,509.0,497.0,471.0,515.0,503.0,501.0,516.0,508.0,475.0,512.0,510.0,524.0,525.0,530.0,522.0,529.0,598.0,521.0,523.0,470.0,526.0,525.0,504.0,469.0,489.0,484.0,506.0,502.0,487.0,467.0,516.0,518.0
S306__C1392_L=25270=_20,668.0,677.0,640.0,586.0,666.0,436.0,662.0,664.0,658.0,673.0,665.0,476.0,672.0,670.0,670.0,656.0,659.0,648.0,614.0,656.0,664.0,662.0,599.0,561.0,663.0,634.0,667.0,654.0,668.0,728.0,551.0,772.0,695.0,590.0,771.0,508.0,1208.0,646.0,844.0,655.0,564.0,652.0,631.0,656.0,598.0,668.0,449.0,639.0,781.0,664.0,650.0,442.0,648.0,667.0,731.0,652.0,655.0,730.0,657.0,605.0,665.0,661.0,668.0,813.0,663.0,641.0,688.0,813.0,661.0,655.0,665.0,683.0,651.0,656.0,632.0,659.0,575.0,655.0,655.0,648.0,807.0,576.0,651.0,655.0,668.0,663.0,655.0,727.0,837.0,591.0,521.0,731.0,733.0,715.0,714.0,726.0,567.0,730.0,725.0,659.0,648.0,658.0,664.0,654.0,662.0,678.0,671.0,632.0,673.0,663.0,704.0,431.0,441.0,671.0,724.0,739.0,660.0,617.0,648.0,655.0
S306__C635_L=38745=_29,559.0,564.0,553.0,479.0,563.0,401.0,568.0,567.0,565.0,578.0,573.0,440.0,570.0,569.0,574.0,561.0,559.0,554.0,562.0,576.0,570.0,554.0,506.0,460.0,566.0,560.0,571.0,555.0,571.0,622.0,560.0,733.0,640.0,481.0,770.0,470.0,646.0,1029.0,644.0,559.0,478.0,552.0,550.0,550.0,469.0,560.0,417.0,513.0,669.0,573.0,564.0,409.0,550.0,570.0,627.0,566.0,569.0,620.0,559.0,500.0,563.0,571.0,560.0,651.0,559.0,553.0,572.0,651.0,558.0,551.0,549.0,567.0,551.0,553.0,532.0,565.0,463.0,569.0,569.0,550.0,714.0,542.0,535.0,569.0,560.0,560.0,550.0,625.0,697.0,543.0,521.0,640.0,630.0,623.0,627.0,638.0,471.0,642.0,645.0,567.0,554.0,574.0,567.0,565.0,572.0,581.0,565.0,639.0,576.0,578.0,607.0,395.0,396.0,570.0,630.0,632.0,568.0,622.0,539.0,552.0
S306__C1798_L=21604=_11,658.0,664.0,630.0,570.0,662.0,441.0,685.0,689.0,666.0,658.0,670.0,463.0,664.0,671.0,675.0,663.0,653.0,639.0,625.0,648.0,665.0,643.0,609.0,559.0,659.0,643.0,672.0,663.0,657.0,731.0,554.0,765.0,695.0,598.0,767.0,517.0,844.0,644.0,1200.0,654.0,563.0,661.0,654.0,648.0,569.0,661.0,456.0,623.0,760.0,675.0,646.0,443.0,667.0,681.0,727.0,648.0,664.0,744.0,667.0,597.0,667.0,664.0,661.0,789.0,657.0,659.0,681.0,789.0,657.0,653.0,659.0,669.0,668.0,652.0,642.0,664.0,558.0,664.0,664.0,667.0,808.0,594.0,649.0,664.0,661.0,679.0,654.0,727.0,841.0,601.0,535.0,739.0,754.0,750.0,719.0,729.0,573.0,738.0,744.0,664.0,662.0,670.0,662.0,659.0,676.0,685.0,671.0,640.0,669.0,670.0,718.0,432.0,443.0,670.0,733.0,764.0,669.0,609.0,651.0,655.0
S306__C2062_L=19853=_7,722.0,719.0,675.0,626.0,718.0,444.0,882.0,883.0,881.0,884.0,902.0,489.0,1015.0,893.0,869.0,905.0,877.0,872.0,838.0,916.0,880.0,872.0,782.0,728.0,809.0,703.0,886.0,874.0,882.0,664.0,776.0,661.0,612.0,636.0,660.0,530.0,655.0,559.0,654.0,1236.0,612.0,703.0,696.0,710.0,624.0,708.0,467.0,681.0,679.0,902.0,732.0,463.0,702.0,904.0,672.0,702.0,902.0,639.0,898.0,650.0,877.0,907.0,708.0,664.0,715.0,707.0,730.0,664.0,714.0,702.0,720.0,736.0,717.0,707.0,849.0,871.0,616.0,902.0,902.0,702.0,662.0,621.0,711.0,902.0,708.0,901.0,873.0,672.0,674.0,744.0,698.0,653.0,637.0,626.0,664.0,637.0,752.0,648.0,650.0,898.0,873.0,884.0,883.0,900.0,728.0,764.0,926.0,564.0,807.0,796.0,639.0,447.0,454.0,596.0,668.0,637.0,617.0,567.0,818.0,876.0
SE162__C5590_L=3017=_1,858.0,726.0,737.0,743.0,747.0,406.0,605.0,603.0,613.0,601.0,605.0,427.0,622.0,612.0,601.0,614.0,586.0,607.0,570.0,609.0,607.0,603.0,584.0,566.0,584.0,713.0,608.0,593.0,599.0,580.0,508.0,583.0,557.0,620.0,568.0,473.0,564.0,478.0,563.0,612.0,1005.0,747.0,699.0,767.0,674.0,755.0,434.0,749.0,582.0,613.0,739.0,419.0,733.0,605.0,578.0,742.0,609.0,535.0,606.0,755.0,594.0,611.0,755.0,571.0,763.0,715.0,708.0,571.0,762.0,722.0,723.0,697.0,727.0,765.0,596.0,604.0,737.0,609.0,609.0,733.0,563.0,625.0,711.0,609.0,755.0,602.0,585.0,581.0,572.0,536.0,460.0,555.0,549.0,534.0,566.0,553.0,586.0,550.0,557.0,610.0,594.0,597.0,606.0,608.0,741.0,646.0,617.0,493.0,583.0,590.0,541.0,398.0,412.0,551.0,578.0,555.0,564.0,489.0,585.0,596.0
SE188__C84_L=116902=_22,902.0,843.0,919.0,824.0,1044.0,451.0,696.0,693.0,691.0,694.0,696.0,481.0,710.0,699.0,697.0,712.0,681.0,692.0,639.0,707.0,694.0,703.0,613.0,583.0,674.0,870.0,704.0,677.0,697.0,656.0,586.0,665.0,592.0,633.0,657.0,523.0,652.0,552.0,661.0,703.0,747.0,1259.0,843.0,1010.0,693.0,1051.0,479.0,914.0,679.0,701.0,891.0,458.0,906.0,703.0,668.0,941.0,693.0,623.0,694.0,912.0,693.0,700.0,1051.0,667.0,1023.0,862.0,836.0,667.0,1021.0,922.0,855.0,818.0,905.0,1028.0,665.0,696.0,848.0,693.0,693.0,906.0,665.0,746.0,839.0,693.0,1051.0,705.0,683.0,657.0,681.0,612.0,530.0,643.0,621.0,616.0,654.0,630.0,598.0,637.0,638.0,694.0,683.0,692.0,686.0,701.0,1149.0,747.0,701.0,555.0,680.0,683.0,609.0,443.0,458.0,585.0,659.0,623.0,609.0,558.0,668.0,677.0
SE18__C2188_L=6566=_4,832.0,798.0,787.0,724.0,837.0,451.0,687.0,692.0,699.0,690.0,690.0,476.0,693.0,710.0,694.0,702.0,671.0,685.0,635.0,689.0,701.0,684.0,617.0,595.0,677.0,858.0,704.0,676.0,678.0,667.0,585.0,650.0,581.0,614.0,640.0,527.0,631.0,550.0,654.0,696.0,699.0,843.0,1238.0,853.0,636.0,829.0,474.0,800.0,673.0,695.0,876.0,464.0,827.0,687.0,653.0,800.0,689.0,633.0,691.0,780.0,693.0,695.0,829.0,648.0,853.0,955.0,781.0,648.0,854.0,849.0,799.0,741.0,832.0,860.0,648.0,709.0,725.0,689.0,689.0,827.0,657.0,1042.0,784.0,689.0,829.0,691.0,683.0,663.0,656.0,616.0,540.0,650.0,636.0,624.0,661.0,635.0,597.0,647.0,643.0,692.0,681.0,701.0,688.0,689.0,852.0,726.0,705.0,573.0,676.0,677.0,621.0,457.0,450.0,589.0,666.0,635.0,616.0,568.0,672.0,685.0
SE18__C2026_L=6906=_4,904.0,855.0,928.0,844.0,1027.0,453.0,700.0,705.0,706.0,701.0,702.0,473.0,716.0,709.0,693.0,716.0,685.0,702.0,647.0,705.0,705.0,708.0,625.0,589.0,696.0,867.0,709.0,679.0,700.0,664.0,589.0,661.0,599.0,636.0,660.0,519.0,656.0,550.0,648.0,710.0,767.0,1010.0,853.0,1243.0,694.0,1042.0,472.0,914.0,680.0,705.0,898.0,465.0,892.0,707.0,675.0,961.0,702.0,626.0,703.0,1037.0,690.0,711.0,1042.0,684.0,1163.0,872.0,848.0,684.0,1161.0,946.0,871.0,819.0,900.0,1156.0,674.0,697.0,963.0,702.0,702.0,892.0,662.0,746.0,848.0,702.0,1042.0,711.0,692.0,663.0,664.0,603.0,545.0,648.0,629.0,627.0,660.0,638.0,604.0,644.0,649.0,703.0,685.0,697.0,700.0,693.0,1036.0,746.0,707.0,561.0,698.0,688.0,618.0,445.0,454.0,585.0,668.0,626.0,623.0,570.0,671.0,687.0
SE18__C1696_L=7763=_7,700.0,707.0,672.0,720.0,690.0,413.0,623.0,621.0,615.0,614.0,610.0,424.0,638.0,617.0,608.0,615.0,600.0,617.0,559.0,608.0,608.0,627.0,582.0,580.0,605.0,664.0,622.0,608.0,612.0,596.0,499.0,588.0,573.0,628.0,584.0,476.0,598.0,469.0,569.0,624.0,674.0,693.0,636.0,694.0,1015.0,694.0,437.0,704.0,623.0,625.0,696.0,411.0,651.0,618.0,603.0,681.0,613.0,560.0,609.0,690.0,597.0,625.0,694.0,597.0,700.0,672.0,745.0,597.0,698.0,681.0,710.0,752.0,668.0,700.0,609.0,601.0,693.0,613.0,613.0,651.0,585.0,562.0,715.0,613.0,694.0,615.0,596.0,607.0,602.0,519.0,447.0,566.0,557.0,536.0,596.0,558.0,598.0,564.0,570.0,609.0,607.0,608.0,606.0,609.0,699.0,642.0,618.0,483.0,606.0,608.0,550.0,398.0,406.0,553.0,608.0,555.0,586.0,494.0,587.0,602.0
SE18__C417_L=20896=_16,894.0,857.0,910.0,837.0,1085.0,455.0,695.0,693.0,697.0,700.0,708.0,471.0,707.0,712.0,708.0,717.0,682.0,703.0,648.0,708.0,701.0,704.0,625.0,581.0,693.0,865.0,714.0,684.0,690.0,663.0,590.0,664.0,607.0,640.0,677.0,527.0,668.0,560.0,661.0,708.0,755.0,1051.0,829.0,1042.0,694.0,1236.0,474.0,910.0,669.0,707.0,886.0,461.0,899.0,714.0,680.0,954.0,702.0,637.0,712.0,922.0,702.0,714.0,1236.0,682.0,1033.0,867.0,831.0,682.0,1031.0,941.0,864.0,820.0,907.0,1036.0,677.0,702.0,864.0,702.0,702.0,899.0,673.0,732.0,849.0,702.0,1236.0,714.0,689.0,665.0,682.0,619.0,543.0,652.0,639.0,635.0,654.0,645.0,610.0,647.0,653.0,707.0,692.0,703.0,700.0,707.0,1060.0,765.0,713.0,567.0,694.0,697.0,625.0,447.0,455.0,594.0,667.0,635.0,612.0,570.0,684.0,698.0
SE196__C36_L=80375=_55,485.0,482.0,453.0,442.0,479.0,551.0,471.0,470.0,472.0,462.0,467.0,475.0,474.0,479.0,464.0,470.0,465.0,479.0,450.0,469.0,471.0,472.0,443.0,431.0,467.0,473.0,474.0,476.0,468.0,454.0,433.0,459.0,430.0,437.0,450.0,507.0,449.0,417.0,456.0,467.0,434.0,479.0,474.0,472.0,437.0,474.0,1171.0,468.0,466.0,474.0,476.0,588.0,479.0,467.0,457.0,458.0,473.0,455.0,473.0,457.0,474.0,474.0,474.0,459.0,477.0,479.0,484.0,459.0,478.0,466.0,476.0,474.0,483.0,475.0,459.0,469.0,441.0,473.0,473.0,479.0,458.0,441.0,473.0,473.0,474.0,475.0,465.0,462.0,471.0,436.0,407.0,459.0,447.0,443.0,455.0,451.0,435.0,458.0,457.0,471.0,478.0,476.0,471.0,470.0,527.0,473.0,472.0,418.0,469.0,474.0,453.0,518.0,684.0,434.0,456.0,444.0,440.0,412.0,467.0,468.0
SE203__C5165_L=6424=_1,885.0,827.0,922.0,825.0,919.0,450.0,672.0,668.0,665.0,675.0,668.0,471.0,685.0,669.0,660.0,671.0,639.0,659.0,610.0,677.0,664.0,659.0,619.0,586.0,648.0,810.0,664.0,648.0,675.0,640.0,553.0,629.0,590.0,634.0,629.0,509.0,639.0,513.0,623.0,681.0,749.0,914.0,800.0,914.0,704.0,910.0,468.0,1179.0,659.0,667.0,872.0,449.0,836.0,671.0,645.0,889.0,671.0,586.0,677.0,861.0,652.0,667.0,910.0,640.0,927.0,815.0,794.0,640.0,925.0,888.0,833.0,785.0,845.0,925.0,653.0,653.0,807.0,671.0,671.0,836.0,616.0,697.0,829.0,671.0,910.0,669.0,655.0,646.0,641.0,573.0,499.0,602.0,586.0,585.0,635.0,603.0,599.0,599.0,604.0,672.0,652.0,661.0,658.0,670.0,924.0,714.0,670.0,524.0,647.0,655.0,577.0,431.0,438.0,573.0,651.0,583.0,618.0,549.0,639.0,657.0
SE207__C69_L=31576=_23,680.0,699.0,668.0,613.0,675.0,447.0,684.0,686.0,667.0,677.0,689.0,470.0,679.0,677.0,670.0,683.0,673.0,673.0,644.0,675.0,662.0,680.0,617.0,581.0,659.0,688.0,675.0,666.0,683.0,738.0,590.0,782.0,692.0,594.0,785.0,511.0,781.0,669.0,760.0,679.0,582.0,679.0,673.0,680.0,623.0,669.0,466.0,659.0,1205.0,690.0,705.0,447.0,676.0,688.0,732.0,667.0,683.0,706.0,670.0,627.0,669.0,684.0,669.0,780.0,681.0,677.0,698.0,780.0,681.0,675.0,689.0,693.0,676.0,683.0,644.0,671.0,595.0,683.0,683.0,676.0,798.0,607.0,672.0,683.0,669.0,692.0,659.0,734.0,850.0,601.0,531.0,724.0,722.0,722.0,734.0,727.0,577.0,723.0,723.0,675.0,664.0,668.0,674.0,673.0,687.0,682.0,682.0,636.0,665.0,660.0,700.0,441.0,440.0,648.0,735.0,732.0,672.0,630.0,656.0,663.0
SE208__C9_L=176791=_125,714.0,705.0,660.0,618.0,706.0,455.0,893.0,901.0,893.0,924.0,938.0,479.0,932.0,900.0,893.0,923.0,897.0,879.0,962.0,906.0,891.0,866.0,816.0,719.0,825.0,694.0,901.0,910.0,913.0,688.0,760.0,674.0,619.0,634.0,675.0,522.0,664.0,573.0,675.0,902.0,613.0,701.0,695.0,705.0,625.0,707.0,474.0,667.0,690.0,1269.0,702.0,463.0,715.0,929.0,686.0,685.0,1076.0,656.0,1085.0,647.0,888.0,1079.0,707.0,687.0,700.0,700.0,720.0,687.0,699.0,693.0,712.0,737.0,716.0,708.0,1033.0,890.0,613.0,1076.0,1076.0,715.0,687.0,625.0,703.0,1076.0,707.0,1093.0,886.0,688.0,699.0,741.0,719.0,659.0,644.0,633.0,676.0,657.0,897.0,655.0,658.0,1059.0,902.0,899.0,900.0,1065.0,716.0,769.0,1073.0,575.0,821.0,817.0,665.0,436.0,459.0,602.0,688.0,654.0,632.0,578.0,817.0,890.0
SE208__C196_L=22472=_20,886.0,853.0,872.0,771.0,895.0,446.0,696.0,692.0,702.0,703.0,692.0,480.0,717.0,705.0,691.0,703.0,675.0,688.0,641.0,719.0,697.0,683.0,608.0,585.0,676.0,914.0,706.0,670.0,702.0,674.0,596.0,672.0,595.0,623.0,662.0,518.0,650.0,564.0,646.0,732.0,739.0,891.0,876.0,898.0,696.0,886.0,476.0,872.0,705.0,702.0,1241.0,452.0,861.0,698.0,678.0,863.0,703.0,607.0,696.0,809.0,681.0,703.0,886.0,670.0,906.0,925.0,827.0,670.0,904.0,891.0,852.0,802.0,879.0,902.0,661.0,695.0,751.0,703.0,703.0,861.0,649.0,769.0,839.0,703.0,886.0,694.0,679.0,673.0,678.0,596.0,532.0,641.0,619.0,613.0,661.0,629.0,600.0,636.0,638.0,696.0,671.0,690.0,694.0,697.0,908.0,744.0,708.0,571.0,671.0,675.0,618.0,438.0,443.0,580.0,671.0,623.0,608.0,578.0,657.0,674.0
SE208__C3224_L=6146=_2,467.0,455.0,433.0,430.0,466.0,711.0,465.0,463.0,467.0,460.0,464.0,453.0,460.0,464.0,462.0,464.0,468.0,481.0,435.0,459.0,468.0,468.0,429.0,419.0,473.0,452.0,464.0,466.0,462.0,459.0,419.0,455.0,428.0,439.0,453.0,495.0,442.0,409.0,443.0,463.0,419.0,458.0,464.0,465.0,411.0,461.0,588.0,449.0,447.0,463.0,452.0,1148.0,476.0,464.0,451.0,449.0,459.0,453.0,465.0,447.0,462.0,469.0,461.0,445.0,463.0,455.0,467.0,445.0,462.0,458.0,462.0,452.0,466.0,465.0,445.0,460.0,433.0,459.0,459.0,476.0,461.0,416.0,457.0,459.0,461.0,469.0,460.0,451.0,449.0,434.0,397.0,458.0,446.0,453.0,449.0,449.0,420.0,457.0,459.0,470.0,463.0,473.0,469.0,463.0,505.0,467.0,467.0,413.0,473.0,473.0,454.0,738.0,551.0,434.0,455.0,450.0,442.0,408.0,465.0,461.0
SE20__C2856_L=11017=_2,898.0,831.0,856.0,742.0,896.0,462.0,702.0,701.0,700.0,700.0,703.0,484.0,705.0,708.0,695.0,712.0,675.0,697.0,661.0,701.0,697.0,689.0,628.0,590.0,685.0,836.0,707.0,693.0,700.0,646.0,592.0,657.0,600.0,619.0,641.0,531.0,648.0,550.0,667.0,702.0,733.0,906.0,827.0,892.0,651.0,899.0,479.0,836.0,676.0,715.0,861.0,476.0,1254.0,702.0,656.0,857.0,709.0,624.0,711.0,799.0,685.0,714.0,899.0,660.0,899.0,849.0,820.0,660.0,897.0,882.0,835.0,787.0,1101.0,896.0,681.0,689.0,743.0,709.0,709.0,1254.0,662.0,735.0,817.0,709.0,899.0,719.0,688.0,649.0,670.0,605.0,531.0,649.0,624.0,623.0,643.0,636.0,608.0,645.0,645.0,702.0,681.0,688.0,698.0,704.0,929.0,739.0,726.0,549.0,684.0,680.0,621.0,462.0,455.0,583.0,648.0,626.0,598.0,552.0,672.0,687.0
SE210__C2337_L=9713=_2,731.0,713.0,663.0,602.0,704.0,452.0,907.0,903.0,883.0,972.0,1181.0,479.0,968.0,894.0,898.0,899.0,903.0,891.0,858.0,922.0,883.0,900.0,808.0,746.0,814.0,681.0,897.0,894.0,969.0,689.0,774.0,663.0,619.0,633.0,672.0,534.0,667.0,570.0,681.0,904.0,605.0,703.0,687.0,707.0,618.0,714.0,467.0,671.0,688.0,929.0,698.0,464.0,702.0,1250.0,695.0,683.0,917.0,659.0,934.0,641.0,904.0,923.0,714.0,681.0,709.0,706.0,721.0,681.0,709.0,693.0,711.0,727.0,702.0,706.0,874.0,894.0,611.0,917.0,917.0,702.0,687.0,613.0,698.0,917.0,714.0,930.0,906.0,693.0,697.0,763.0,709.0,674.0,655.0,651.0,685.0,654.0,779.0,673.0,672.0,927.0,894.0,908.0,939.0,922.0,706.0,759.0,933.0,582.0,819.0,801.0,654.0,451.0,464.0,613.0,699.0,659.0,641.0,588.0,829.0,908.0
SE212__C373_L=25448=_9,673.0,672.0,652.0,586.0,675.0,435.0,676.0,676.0,661.0,692.0,692.0,473.0,686.0,675.0,674.0,671.0,667.0,686.0,644.0,676.0,667.0,684.0,616.0,582.0,669.0,658.0,679.0,678.0,697.0,1007.0,567.0,722.0,662.0,580.0,752.0,507.0,731.0,627.0,727.0,672.0,578.0,668.0,653.0,675.0,603.0,680.0,457.0,645.0,732.0,686.0,678.0,451.0,656.0,695.0,1192.0,651.0,680.0,693.0,678.0,615.0,669.0,677.0,680.0,737.0,678.0,663.0,699.0,737.0,677.0,658.0,671.0,688.0,663.0,679.0,638.0,673.0,588.0,680.0,680.0,656.0,747.0,594.0,663.0,680.0,680.0,674.0,672.0,998.0,756.0,611.0,528.0,712.0,715.0,699.0,978.0,713.0,582.0,713.0,725.0,679.0,673.0,678.0,688.0,676.0,681.0,682.0,684.0,619.0,669.0,674.0,700.0,444.0,462.0,646.0,996.0,712.0,892.0,891.0,670.0,677.0
SE212__C1372_L=10789=_2,868.0,838.0,943.0,816.0,947.0,430.0,673.0,673.0,677.0,682.0,679.0,469.0,696.0,682.0,665.0,686.0,661.0,669.0,643.0,694.0,673.0,682.0,617.0,568.0,660.0,830.0,684.0,662.0,691.0,644.0,599.0,657.0,587.0,624.0,662.0,515.0,652.0,566.0,648.0,702.0,742.0,941.0,800.0,961.0,681.0,954.0,458.0,889.0,667.0,685.0,863.0,449.0,857.0,683.0,651.0,1176.0,683.0,607.0,686.0,861.0,668.0,688.0,954.0,660.0,971.0,845.0,815.0,660.0,969.0,908.0,844.0,786.0,866.0,967.0,649.0,672.0,798.0,683.0,683.0,857.0,651.0,734.0,828.0,683.0,954.0,683.0,664.0,650.0,664.0,619.0,537.0,637.0,618.0,610.0,638.0,622.0,582.0,633.0,634.0,676.0,666.0,675.0,677.0,682.0,950.0,729.0,687.0,562.0,661.0,661.0,611.0,425.0,439.0,577.0,654.0,622.0,600.0,562.0,664.0,668.0
SE21__C47_L=127688=_48,718.0,702.0,659.0,615.0,697.0,444.0,893.0,891.0,890.0,920.0,924.0,478.0,931.0,894.0,884.0,931.0,899.0,862.0,965.0,903.0,886.0,861.0,825.0,717.0,814.0,693.0,890.0,909.0,901.0,677.0,772.0,675.0,627.0,631.0,682.0,526.0,655.0,569.0,664.0,902.0,609.0,693.0,689.0,702.0,613.0,702.0,473.0,671.0,683.0,1076.0,703.0,459.0,709.0,917.0,680.0,683.0,1263.0,655.0,1105.0,647.0,886.0,1069.0,702.0,684.0,701.0,701.0,719.0,684.0,700.0,691.0,709.0,731.0,703.0,714.0,1049.0,896.0,611.0,1263.0,1263.0,709.0,694.0,625.0,693.0,1263.0,702.0,1103.0,889.0,679.0,694.0,748.0,716.0,663.0,645.0,632.0,673.0,658.0,919.0,656.0,658.0,1094.0,901.0,903.0,900.0,1086.0,709.0,765.0,1091.0,580.0,816.0,810.0,657.0,440.0,456.0,601.0,682.0,657.0,625.0,585.0,827.0,893.0
SE21__C491_L=24120=_17,643.0,630.0,596.0,542.0,635.0,449.0,654.0,653.0,651.0,660.0,662.0,463.0,658.0,654.0,661.0,645.0,644.0,648.0,600.0,629.0,654.0,645.0,596.0,547.0,651.0,615.0,659.0,650.0,655.0,691.0,548.0,767.0,697.0,550.0,768.0,500.0,730.0,620.0,744.0,639.0,535.0,623.0,633.0,626.0,560.0,637.0,455.0,586.0,706.0,656.0,607.0,453.0,624.0,659.0,693.0,607.0,655.0,1206.0,656.0,577.0,656.0,646.0,637.0,727.0,631.0,626.0,640.0,727.0,631.0,619.0,610.0,643.0,622.0,630.0,623.0,662.0,544.0,655.0,655.0,624.0,801.0,567.0,597.0,655.0,637.0,653.0,652.0,687.0,755.0,591.0,520.0,817.0,818.0,803.0,689.0,805.0,568.0,817.0,813.0,656.0,644.0,656.0,656.0,654.0,636.0,638.0,659.0,787.0,657.0,654.0,831.0,442.0,453.0,743.0,692.0,814.0,635.0,594.0,648.0,650.0
SE21__C3305_L=6636=_3,712.0,718.0,662.0,611.0,705.0,451.0,893.0,899.0,898.0,928.0,929.0,483.0,931.0,903.0,886.0,919.0,905.0,859.0,979.0,905.0,894.0,858.0,832.0,706.0,821.0,695.0,906.0,908.0,907.0,671.0,757.0,668.0,623.0,634.0,670.0,528.0,657.0,559.0,667.0,898.0,606.0,694.0,691.0,703.0,609.0,712.0,473.0,677.0,670.0,1085.0,696.0,465.0,711.0,934.0,678.0,686.0,1105.0,656.0,1274.0,642.0,890.0,1078.0,712.0,677.0,698.0,705.0,715.0,677.0,699.0,689.0,712.0,726.0,711.0,704.0,1045.0,899.0,603.0,1105.0,1105.0,711.0,690.0,621.0,698.0,1105.0,712.0,1100.0,901.0,677.0,683.0,755.0,733.0,664.0,647.0,637.0,669.0,658.0,987.0,661.0,666.0,1172.0,904.0,907.0,905.0,1176.0,717.0,755.0,1098.0,565.0,827.0,817.0,657.0,439.0,466.0,610.0,679.0,653.0,621.0,580.0,823.0,898.0
SE21__C4434_L=5442=_1,816.0,774.0,826.0,843.0,919.0,437.0,645.0,646.0,646.0,640.0,643.0,451.0,642.0,648.0,630.0,649.0,620.0,630.0,588.0,646.0,648.0,646.0,603.0,590.0,637.0,785.0,640.0,616.0,639.0,610.0,530.0,612.0,595.0,631.0,605.0,491.0,605.0,500.0,597.0,650.0,755.0,912.0,780.0,1037.0,690.0,922.0,457.0,861.0,627.0,647.0,809.0,447.0,799.0,641.0,615.0,861.0,647.0,577.0,642.0,1127.0,626.0,648.0,922.0,616.0,1057.0,790.0,774.0,616.0,1055.0,848.0,791.0,739.0,803.0,1054.0,634.0,635.0,1007.0,647.0,647.0,799.0,606.0,672.0,785.0,647.0,922.0,647.0,621.0,617.0,612.0,550.0,480.0,591.0,585.0,577.0,604.0,590.0,601.0,589.0,594.0,644.0,626.0,635.0,640.0,637.0,928.0,680.0,649.0,510.0,635.0,634.0,562.0,421.0,435.0,577.0,620.0,582.0,608.0,512.0,624.0,626.0
SE21__C490_L=24135=_13,703.0,692.0,646.0,598.0,701.0,452.0,873.0,876.0,984.0,884.0,906.0,475.0,911.0,998.0,1110.0,865.0,873.0,831.0,832.0,854.0,987.0,834.0,810.0,693.0,814.0,675.0,992.0,882.0,869.0,679.0,751.0,667.0,612.0,607.0,663.0,525.0,665.0,563.0,667.0,877.0,594.0,693.0,693.0,690.0,597.0,702.0,474.0,652.0,669.0,888.0,681.0,462.0,685.0,904.0,669.0,668.0,886.0,656.0,890.0,626.0,1241.0,889.0,702.0,673.0,684.0,690.0,704.0,673.0,684.0,680.0,699.0,720.0,694.0,692.0,846.0,1126.0,591.0,886.0,886.0,685.0,681.0,610.0,691.0,886.0,702.0,892.0,887.0,680.0,691.0,736.0,709.0,658.0,655.0,640.0,668.0,647.0,742.0,657.0,659.0,897.0,889.0,1111.0,872.0,894.0,709.0,741.0,897.0,571.0,824.0,815.0,652.0,439.0,450.0,593.0,682.0,655.0,618.0,576.0,801.0,892.0
SE21__C771_L=17455=_6,717.0,710.0,656.0,617.0,704.0,453.0,898.0,891.0,893.0,916.0,928.0,485.0,928.0,902.0,888.0,933.0,901.0,870.0,946.0,903.0,888.0,871.0,816.0,718.0,822.0,691.0,897.0,905.0,904.0,667.0,774.0,675.0,622.0,635.0,680.0,526.0,661.0,571.0,664.0,907.0,611.0,700.0,695.0,711.0,625.0,714.0,474.0,667.0,684.0,1079.0,703.0,469.0,714.0,923.0,677.0,688.0,1069.0,646.0,1078.0,648.0,889.0,1271.0,714.0,686.0,704.0,702.0,717.0,686.0,703.0,692.0,711.0,738.0,709.0,710.0,1023.0,883.0,612.0,1069.0,1069.0,714.0,694.0,628.0,696.0,1069.0,714.0,1089.0,878.0,674.0,701.0,760.0,724.0,669.0,645.0,637.0,672.0,655.0,883.0,666.0,668.0,1052.0,901.0,893.0,897.0,1066.0,715.0,767.0,1071.0,565.0,819.0,817.0,657.0,445.0,459.0,612.0,672.0,651.0,620.0,572.0,829.0,896.0
SE27__C649_L=22882=_16,894.0,857.0,910.0,837.0,1085.0,455.0,695.0,693.0,697.0,700.0,708.0,471.0,707.0,712.0,708.0,717.0,682.0,703.0,648.0,708.0,701.0,704.0,625.0,581.0,693.0,865.0,714.0,684.0,690.0,663.0,590.0,664.0,607.0,640.0,677.0,527.0,668.0,560.0,661.0,708.0,755.0,1051.0,829.0,1042.0,694.0,1236.0,474.0,910.0,669.0,707.0,886.0,461.0,899.0,714.0,680.0,954.0,702.0,637.0,712.0,922.0,702.0,714.0,1236.0,682.0,1033.0,867.0,831.0,682.0,1031.0,941.0,864.0,820.0,907.0,1036.0,677.0,702.0,864.0,702.0,702.0,899.0,673.0,732.0,849.0,702.0,1236.0,714.0,689.0,665.0,682.0,619.0,543.0,652.0,639.0,635.0,654.0,645.0,610.0,647.0,653.0,707.0,692.0,703.0,700.0,707.0,1060.0,765.0,713.0,567.0,694.0,697.0,625.0,447.0,455.0,594.0,667.0,635.0,612.0,570.0,684.0,698.0
SE27__C1151_L=15512=_6,675.0,703.0,653.0,603.0,673.0,446.0,667.0,672.0,665.0,679.0,686.0,476.0,679.0,670.0,682.0,667.0,655.0,660.0,648.0,664.0,667.0,666.0,609.0,566.0,664.0,658.0,668.0,665.0,683.0,735.0,568.0,771.0,703.0,575.0,771.0,514.0,813.0,651.0,789.0,664.0,571.0,667.0,648.0,684.0,597.0,682.0,459.0,640.0,780.0,687.0,670.0,445.0,660.0,681.0,737.0,660.0,684.0,727.0,677.0,616.0,673.0,686.0,682.0,1214.0,686.0,674.0,700.0,1214.0,685.0,669.0,681.0,689.0,663.0,677.0,650.0,674.0,586.0,684.0,684.0,660.0,812.0,593.0,669.0,684.0,682.0,687.0,663.0,740.0,842.0,589.0,531.0,743.0,737.0,720.0,732.0,724.0,577.0,738.0,744.0,675.0,662.0,674.0,671.0,675.0,683.0,692.0,683.0,642.0,669.0,675.0,726.0,430.0,444.0,675.0,739.0,724.0,678.0,631.0,645.0,671.0
SE30__C1044_L=25210=_7,909.0,856.0,944.0,849.0,1028.0,454.0,707.0,710.0,705.0,706.0,702.0,477.0,711.0,709.0,693.0,711.0,687.0,694.0,644.0,711.0,705.0,707.0,618.0,591.0,694.0,880.0,709.0,682.0,706.0,672.0,590.0,665.0,608.0,637.0,668.0,524.0,663.0,559.0,657.0,715.0,763.0,1023.0,853.0,1163.0,700.0,1033.0,477.0,927.0,681.0,700.0,906.0,463.0,899.0,709.0,678.0,971.0,701.0,631.0,698.0,1057.0,684.0,704.0,1033.0,686.0,1246.0,880.0,840.0,686.0,1244.0,944.0,878.0,822.0,909.0,1164.0,669.0,692.0,981.0,701.0,701.0,899.0,670.0,751.0,860.0,701.0,1033.0,709.0,686.0,674.0,671.0,602.0,542.0,647.0,634.0,628.0,664.0,645.0,600.0,643.0,648.0,696.0,686.0,693.0,702.0,695.0,1041.0,737.0,703.0,568.0,691.0,695.0,618.0,442.0,457.0,587.0,677.0,630.0,629.0,578.0,676.0,687.0
SE30__C870_L=27871=_24,845.0,813.0,827.0,735.0,855.0,445.0,705.0,702.0,696.0,702.0,706.0,466.0,711.0,702.0,695.0,705.0,679.0,683.0,643.0,703.0,699.0,684.0,622.0,588.0,679.0,890.0,700.0,678.0,698.0,654.0,595.0,663.0,587.0,618.0,648.0,519.0,641.0,553.0,659.0,707.0,715.0,862.0,955.0,872.0,672.0,867.0,479.0,815.0,677.0,700.0,925.0,455.0,849.0,706.0,663.0,845.0,701.0,626.0,705.0,790.0,690.0,702.0,867.0,674.0,880.0,1221.0,787.0,674.0,880.0,860.0,822.0,767.0,851.0,881.0,665.0,693.0,729.0,701.0,701.0,849.0,660.0,856.0,806.0,701.0,867.0,706.0,686.0,655.0,673.0,624.0,544.0,650.0,635.0,623.0,655.0,635.0,612.0,644.0,650.0,707.0,687.0,690.0,693.0,702.0,863.0,725.0,705.0,563.0,687.0,686.0,624.0,441.0,452.0,596.0,656.0,633.0,609.0,568.0,686.0,685.0
SE30__C5082_L=9611=_7,854.0,878.0,803.0,729.0,842.0,451.0,716.0,722.0,711.0,725.0,715.0,483.0,731.0,718.0,697.0,728.0,702.0,717.0,661.0,713.0,712.0,719.0,649.0,606.0,708.0,797.0,714.0,699.0,718.0,693.0,603.0,690.0,618.0,655.0,686.0,527.0,688.0,572.0,681.0,730.0,708.0,836.0,781.0,848.0,745.0,831.0,484.0,794.0,698.0,720.0,827.0,467.0,820.0,721.0,699.0,815.0,719.0,640.0,715.0,774.0,704.0,717.0,831.0,700.0,840.0,787.0,1236.0,700.0,838.0,839.0,897.0,863.0,840.0,849.0,690.0,704.0,730.0,719.0,719.0,820.0,680.0,702.0,868.0,719.0,831.0,725.0,692.0,699.0,697.0,622.0,546.0,655.0,637.0,631.0,678.0,640.0,617.0,654.0,653.0,712.0,708.0,708.0,710.0,712.0,858.0,781.0,722.0,575.0,712.0,695.0,624.0,446.0,459.0,595.0,697.0,654.0,640.0,582.0,682.0,709.0
SE30__C546_L=35587=_6,675.0,703.0,653.0,603.0,673.0,446.0,667.0,672.0,665.0,679.0,686.0,476.0,679.0,670.0,682.0,667.0,655.0,660.0,648.0,664.0,667.0,666.0,609.0,566.0,664.0,658.0,668.0,665.0,683.0,735.0,568.0,771.0,703.0,575.0,771.0,514.0,813.0,651.0,789.0,664.0,571.0,667.0,648.0,684.0,597.0,682.0,459.0,640.0,780.0,687.0,670.0,445.0,660.0,681.0,737.0,660.0,684.0,727.0,677.0,616.0,673.0,686.0,682.0,1214.0,686.0,674.0,700.0,1214.0,685.0,669.0,681.0,689.0,663.0,677.0,650.0,674.0,586.0,684.0,684.0,660.0,812.0,593.0,669.0,684.0,682.0,687.0,663.0,740.0,842.0,589.0,531.0,743.0,737.0,720.0,732.0,724.0,577.0,738.0,744.0,675.0,662.0,674.0,671.0,675.0,683.0,692.0,683.0,642.0,669.0,675.0,726.0,430.0,444.0,675.0,739.0,724.0,678.0,631.0,645.0,671.0
SE49__C466_L=13455=_8,907.0,857.0,944.0,847.0,1026.0,454.0,706.0,709.0,706.0,705.0,701.0,476.0,711.0,710.0,694.0,710.0,688.0,694.0,643.0,710.0,706.0,706.0,617.0,590.0,693.0,878.0,710.0,681.0,705.0,670.0,589.0,665.0,608.0,636.0,666.0,524.0,661.0,558.0,657.0,714.0,762.0,1021.0,854.0,1161.0,698.0,1031.0,478.0,925.0,681.0,699.0,904.0,462.0,897.0,709.0,677.0,969.0,700.0,631.0,699.0,1055.0,684.0,703.0,1031.0,685.0,1244.0,880.0,838.0,685.0,1246.0,942.0,876.0,820.0,909.0,1162.0,670.0,692.0,979.0,700.0,700.0,897.0,669.0,752.0,858.0,700.0,1031.0,710.0,686.0,672.0,670.0,601.0,541.0,646.0,633.0,628.0,662.0,644.0,599.0,642.0,648.0,695.0,685.0,693.0,701.0,694.0,1039.0,736.0,704.0,567.0,690.0,694.0,618.0,442.0,457.0,586.0,675.0,629.0,627.0,578.0,675.0,686.0
SE49__C362_L=14917=_6,888.0,853.0,885.0,792.0,932.0,452.0,689.0,688.0,696.0,691.0,692.0,482.0,706.0,703.0,682.0,704.0,669.0,695.0,630.0,687.0,689.0,695.0,617.0,576.0,666.0,850.0,703.0,675.0,690.0,658.0,589.0,651.0,599.0,628.0,650.0,524.0,655.0,551.0,653.0,702.0,722.0,922.0,849.0,946.0,681.0,941.0,466.0,888.0,675.0,693.0,891.0,458.0,882.0,693.0,658.0,908.0,691.0,619.0,689.0,848.0,680.0,692.0,941.0,669.0,944.0,860.0,839.0,669.0,942.0,1228.0,870.0,805.0,892.0,953.0,647.0,683.0,801.0,691.0,691.0,882.0,645.0,745.0,839.0,691.0,941.0,687.0,683.0,653.0,669.0,608.0,534.0,646.0,619.0,614.0,649.0,624.0,581.0,646.0,642.0,681.0,684.0,687.0,680.0,682.0,939.0,739.0,692.0,550.0,670.0,670.0,613.0,444.0,443.0,584.0,660.0,619.0,604.0,558.0,672.0,680.0
SE4__C509_L=9289=_2,864.0,931.0,833.0,746.0,885.0,450.0,697.0,702.0,700.0,716.0,703.0,476.0,724.0,699.0,696.0,718.0,701.0,694.0,661.0,713.0,703.0,699.0,641.0,599.0,688.0,805.0,699.0,704.0,718.0,669.0,593.0,667.0,593.0,646.0,658.0,529.0,665.0,549.0,659.0,720.0,723.0,855.0,799.0,871.0,710.0,864.0,476.0,833.0,689.0,712.0,852.0,462.0,835.0,711.0,671.0,844.0,709.0,610.0,712.0,791.0,699.0,711.0,864.0,681.0,878.0,822.0,897.0,681.0,876.0,870.0,1249.0,843.0,853.0,869.0,679.0,705.0,738.0,709.0,709.0,835.0,656.0,702.0,1117.0,709.0,864.0,714.0,704.0,670.0,680.0,620.0,551.0,633.0,627.0,621.0,657.0,628.0,612.0,629.0,637.0,709.0,706.0,701.0,700.0,709.0,889.0,763.0,713.0,553.0,685.0,696.0,619.0,442.0,451.0,575.0,666.0,630.0,607.0,561.0,688.0,705.0
SE52__C1814_L=6530=_2,826.0,820.0,781.0,689.0,818.0,444.0,739.0,739.0,733.0,720.0,726.0,470.0,748.0,733.0,719.0,732.0,712.0,710.0,691.0,734.0,733.0,713.0,672.0,604.0,719.0,768.0,731.0,731.0,719.0,684.0,607.0,678.0,605.0,654.0,660.0,521.0,683.0,567.0,669.0,736.0,697.0,818.0,741.0,819.0,752.0,820.0,474.0,785.0,693.0,737.0,802.0,452.0,787.0,727.0,688.0,786.0,731.0,643.0,726.0,739.0,720.0,738.0,820.0,689.0,822.0,767.0,863.0,689.0,820.0,805.0,843.0,1221.0,785.0,820.0,698.0,721.0,699.0,731.0,731.0,787.0,669.0,663.0,840.0,731.0,820.0,735.0,725.0,684.0,698.0,635.0,560.0,647.0,627.0,618.0,675.0,643.0,620.0,646.0,642.0,731.0,734.0,735.0,717.0,721.0,823.0,770.0,741.0,565.0,723.0,715.0,636.0,438.0,447.0,591.0,690.0,636.0,637.0,584.0,710.0,723.0
SE52__C839_L=10946=_8,894.0,845.0,864.0,757.0,905.0,460.0,702.0,697.0,705.0,696.0,698.0,484.0,715.0,707.0,704.0,710.0,676.0,696.0,659.0,692.0,705.0,696.0,629.0,591.0,681.0,839.0,704.0,691.0,691.0,650.0,600.0,652.0,596.0,629.0,646.0,527.0,651.0,551.0,668.0,717.0,727.0,905.0,832.0,900.0,668.0,907.0,483.0,845.0,676.0,716.0,879.0,466.0,1101.0,702.0,663.0,866.0,703.0,622.0,711.0,803.0,694.0,709.0,907.0,663.0,909.0,851.0,840.0,663.0,909.0,892.0,853.0,785.0,1257.0,906.0,678.0,695.0,749.0,703.0,703.0,1101.0,658.0,729.0,835.0,703.0,907.0,713.0,685.0,651.0,672.0,613.0,544.0,645.0,629.0,625.0,646.0,633.0,607.0,641.0,642.0,703.0,685.0,697.0,691.0,702.0,930.0,750.0,722.0,549.0,679.0,675.0,619.0,460.0,460.0,587.0,654.0,626.0,598.0,556.0,676.0,691.0
SE55__C1114_L=6644=_1,914.0,859.0,948.0,849.0,1020.0,452.0,705.0,708.0,711.0,708.0,704.0,477.0,710.0,707.0,692.0,712.0,682.0,696.0,648.0,708.0,711.0,708.0,626.0,590.0,695.0,881.0,706.0,682.0,701.0,675.0,597.0,661.0,603.0,633.0,658.0,514.0,656.0,553.0,652.0,707.0,765.0,1028.0,860.0,1156.0,700.0,1036.0,475.0,925.0,683.0,708.0,902.0,465.0,896.0,706.0,679.0,967.0,714.0,630.0,704.0,1054.0,692.0,710.0,1036.0,677.0,1164.0,881.0,849.0,677.0,1162.0,953.0,869.0,820.0,906.0,1250.0,673.0,698.0,984.0,714.0,714.0,896.0,661.0,753.0,855.0,714.0,1036.0,707.0,692.0,677.0,669.0,604.0,545.0,648.0,630.0,625.0,666.0,640.0,600.0,643.0,648.0,700.0,691.0,702.0,699.0,699.0,1043.0,748.0,714.0,564.0,694.0,690.0,615.0,447.0,454.0,586.0,678.0,625.0,628.0,578.0,674.0,693.0
SE56__C45_L=27205=_25,685.0,672.0,630.0,596.0,669.0,440.0,837.0,833.0,853.0,860.0,877.0,471.0,870.0,850.0,844.0,885.0,850.0,819.0,902.0,850.0,845.0,812.0,817.0,700.0,787.0,658.0,856.0,860.0,843.0,639.0,713.0,645.0,619.0,629.0,654.0,515.0,632.0,532.0,642.0,849.0,596.0,665.0,648.0,674.0,609.0,677.0,459.0,653.0,644.0,1033.0,661.0,445.0,681.0,874.0,638.0,649.0,1049.0,623.0,1045.0,634.0,846.0,1023.0,677.0,650.0,669.0,665.0,690.0,650.0,670.0,647.0,679.0,698.0,678.0,673.0,1203.0,846.0,593.0,1049.0,1049.0,681.0,663.0,588.0,676.0,1049.0,677.0,1105.0,845.0,643.0,657.0,705.0,678.0,633.0,625.0,622.0,641.0,633.0,911.0,631.0,632.0,1020.0,849.0,855.0,844.0,1030.0,681.0,721.0,1017.0,545.0,783.0,783.0,637.0,429.0,446.0,607.0,642.0,637.0,623.0,538.0,776.0,854.0
SE68__C967_L=6807=_2,707.0,692.0,651.0,603.0,704.0,449.0,869.0,865.0,991.0,884.0,894.0,477.0,903.0,997.0,1083.0,861.0,867.0,837.0,829.0,866.0,990.0,834.0,813.0,701.0,813.0,685.0,989.0,891.0,869.0,682.0,750.0,679.0,612.0,620.0,664.0,520.0,659.0,565.0,664.0,871.0,604.0,696.0,709.0,697.0,601.0,702.0,469.0,653.0,671.0,890.0,695.0,460.0,689.0,894.0,673.0,672.0,896.0,662.0,899.0,635.0,1126.0,883.0,702.0,674.0,692.0,693.0,704.0,674.0,692.0,683.0,705.0,721.0,695.0,698.0,846.0,1234.0,602.0,896.0,896.0,689.0,683.0,621.0,694.0,896.0,702.0,887.0,878.0,676.0,686.0,736.0,719.0,657.0,652.0,645.0,669.0,653.0,749.0,653.0,657.0,900.0,892.0,1094.0,863.0,896.0,713.0,743.0,904.0,573.0,817.0,818.0,660.0,442.0,448.0,592.0,681.0,656.0,620.0,578.0,804.0,899.0
SE70__C729_L=7390=_1,764.0,725.0,761.0,844.0,855.0,425.0,609.0,613.0,608.0,608.0,611.0,432.0,610.0,608.0,598.0,612.0,587.0,600.0,547.0,605.0,605.0,606.0,561.0,567.0,604.0,725.0,604.0,586.0,605.0,579.0,493.0,577.0,563.0,611.0,573.0,477.0,575.0,463.0,558.0,616.0,737.0,848.0,725.0,963.0,693.0,864.0,441.0,807.0,595.0,613.0,751.0,433.0,743.0,611.0,588.0,798.0,611.0,544.0,603.0,1007.0,591.0,612.0,864.0,586.0,981.0,729.0,730.0,586.0,979.0,801.0,738.0,699.0,749.0,984.0,593.0,602.0,1046.0,611.0,611.0,743.0,575.0,621.0,733.0,611.0,864.0,607.0,592.0,582.0,579.0,523.0,441.0,557.0,557.0,543.0,572.0,556.0,594.0,553.0,562.0,608.0,590.0,602.0,605.0,601.0,863.0,634.0,613.0,476.0,599.0,597.0,533.0,412.0,421.0,545.0,587.0,548.0,574.0,483.0,595.0,593.0
SE70__C81_L=86492=_61,718.0,702.0,659.0,615.0,697.0,444.0,893.0,891.0,890.0,920.0,924.0,478.0,931.0,894.0,884.0,931.0,899.0,862.0,965.0,903.0,886.0,861.0,825.0,717.0,814.0,693.0,890.0,909.0,901.0,677.0,772.0,675.0,627.0,631.0,682.0,526.0,655.0,569.0,664.0,902.0,609.0,693.0,689.0,702.0,613.0,702.0,473.0,671.0,683.0,1076.0,703.0,459.0,709.0,917.0,680.0,683.0,1263.0,655.0,1105.0,647.0,886.0,1069.0,702.0,684.0,701.0,701.0,719.0,684.0,700.0,691.0,709.0,731.0,703.0,714.0,1049.0,896.0,611.0,1263.0,1263.0,709.0,694.0,625.0,693.0,1263.0,702.0,1103.0,889.0,679.0,694.0,748.0,716.0,663.0,645.0,632.0,673.0,658.0,919.0,656.0,658.0,1094.0,901.0,903.0,900.0,1086.0,709.0,765.0,1091.0,580.0,816.0,810.0,657.0,440.0,456.0,601.0,682.0,657.0,625.0,585.0,827.0,893.0
SE72__C24_L=127688=_48,718.0,702.0,659.0,615.0,697.0,444.0,893.0,891.0,890.0,920.0,924.0,478.0,931.0,894.0,884.0,931.0,899.0,862.0,965.0,903.0,886.0,861.0,825.0,717.0,814.0,693.0,890.0,909.0,901.0,677.0,772.0,675.0,627.0,631.0,682.0,526.0,655.0,569.0,664.0,902.0,609.0,693.0,689.0,702.0,613.0,702.0,473.0,671.0,683.0,1076.0,703.0,459.0,709.0,917.0,680.0,683.0,1263.0,655.0,1105.0,647.0,886.0,1069.0,702.0,684.0,701.0,701.0,719.0,684.0,700.0,691.0,709.0,731.0,703.0,714.0,1049.0,896.0,611.0,1263.0,1263.0,709.0,694.0,625.0,693.0,1263.0,702.0,1103.0,889.0,679.0,694.0,748.0,716.0,663.0,645.0,632.0,673.0,658.0,919.0,656.0,658.0,1094.0,901.0,903.0,900.0,1086.0,709.0,765.0,1091.0,580.0,816.0,810.0,657.0,440.0,456.0,601.0,682.0,657.0,625.0,585.0,827.0,893.0
SE75__C577_L=13247=_12,898.0,831.0,856.0,742.0,896.0,462.0,702.0,701.0,700.0,700.0,703.0,484.0,705.0,708.0,695.0,712.0,675.0,697.0,661.0,701.0,697.0,689.0,628.0,590.0,685.0,836.0,707.0,693.0,700.0,646.0,592.0,657.0,600.0,619.0,641.0,531.0,648.0,550.0,667.0,702.0,733.0,906.0,827.0,892.0,651.0,899.0,479.0,836.0,676.0,715.0,861.0,476.0,1254.0,702.0,656.0,857.0,709.0,624.0,711.0,799.0,685.0,714.0,899.0,660.0,899.0,849.0,820.0,660.0,897.0,882.0,835.0,787.0,1101.0,896.0,681.0,689.0,743.0,709.0,709.0,1254.0,662.0,735.0,817.0,709.0,899.0,719.0,688.0,649.0,670.0,605.0,531.0,649.0,624.0,623.0,643.0,636.0,608.0,645.0,645.0,702.0,681.0,688.0,698.0,704.0,929.0,739.0,726.0,549.0,684.0,680.0,621.0,462.0,455.0,583.0,648.0,626.0,598.0,552.0,672.0,687.0
SE75__C709_L=11325=_9,659.0,667.0,618.0,576.0,662.0,448.0,681.0,680.0,678.0,685.0,686.0,468.0,679.0,695.0,689.0,675.0,666.0,666.0,645.0,673.0,679.0,671.0,618.0,569.0,659.0,648.0,697.0,683.0,688.0,744.0,580.0,836.0,777.0,601.0,871.0,510.0,807.0,714.0,808.0,662.0,563.0,665.0,657.0,662.0,585.0,673.0,458.0,616.0,798.0,687.0,649.0,461.0,662.0,687.0,747.0,651.0,694.0,801.0,690.0,606.0,681.0,694.0,673.0,812.0,670.0,660.0,680.0,812.0,669.0,645.0,656.0,669.0,658.0,661.0,663.0,683.0,575.0,694.0,694.0,662.0,1231.0,591.0,643.0,694.0,673.0,696.0,673.0,749.0,874.0,615.0,551.0,800.0,795.0,795.0,747.0,798.0,589.0,804.0,809.0,689.0,677.0,689.0,676.0,692.0,663.0,672.0,691.0,709.0,673.0,679.0,782.0,443.0,458.0,734.0,755.0,806.0,693.0,637.0,672.0,674.0
SE8__C2691_L=6007=_1,738.0,716.0,722.0,620.0,735.0,410.0,619.0,621.0,626.0,617.0,611.0,445.0,612.0,626.0,609.0,628.0,604.0,608.0,615.0,621.0,622.0,613.0,563.0,519.0,607.0,749.0,625.0,605.0,611.0,602.0,578.0,586.0,513.0,546.0,575.0,494.0,576.0,542.0,594.0,621.0,625.0,746.0,1042.0,746.0,562.0,732.0,441.0,697.0,607.0,625.0,769.0,416.0,735.0,613.0,594.0,734.0,625.0,567.0,621.0,672.0,610.0,628.0,732.0,593.0,751.0,856.0,702.0,593.0,752.0,745.0,702.0,663.0,729.0,753.0,588.0,621.0,621.0,625.0,625.0,735.0,591.0,1109.0,695.0,625.0,732.0,620.0,618.0,598.0,596.0,608.0,531.0,590.0,578.0,562.0,596.0,574.0,527.0,586.0,581.0,620.0,609.0,618.0,616.0,625.0,745.0,643.0,631.0,567.0,604.0,607.0,555.0,415.0,420.0,531.0,598.0,578.0,546.0,565.0,605.0,611.0
SE8__C1631_L=8337=_1,839.0,899.0,814.0,739.0,868.0,448.0,689.0,690.0,687.0,707.0,686.0,476.0,704.0,698.0,688.0,700.0,686.0,681.0,641.0,693.0,690.0,683.0,645.0,598.0,673.0,793.0,695.0,695.0,707.0,652.0,578.0,644.0,582.0,644.0,643.0,517.0,651.0,535.0,649.0,711.0,711.0,839.0,784.0,848.0,715.0,849.0,473.0,829.0,672.0,703.0,839.0,457.0,817.0,698.0,663.0,828.0,693.0,597.0,698.0,785.0,691.0,696.0,849.0,669.0,860.0,806.0,868.0,669.0,858.0,839.0,1117.0,840.0,835.0,855.0,676.0,694.0,733.0,693.0,693.0,817.0,643.0,695.0,1233.0,693.0,849.0,698.0,692.0,657.0,673.0,604.0,542.0,617.0,614.0,610.0,651.0,619.0,604.0,616.0,619.0,695.0,702.0,693.0,689.0,699.0,868.0,749.0,698.0,540.0,668.0,681.0,604.0,437.0,443.0,576.0,655.0,615.0,610.0,551.0,677.0,693.0
SE8__C2956_L=5631=_2,718.0,702.0,659.0,615.0,697.0,444.0,893.0,891.0,890.0,920.0,924.0,478.0,931.0,894.0,884.0,931.0,899.0,862.0,965.0,903.0,886.0,861.0,825.0,717.0,814.0,693.0,890.0,909.0,901.0,677.0,772.0,675.0,627.0,631.0,682.0,526.0,655.0,569.0,664.0,902.0,609.0,693.0,689.0,702.0,613.0,702.0,473.0,671.0,683.0,1076.0,703.0,459.0,709.0,917.0,680.0,683.0,1263.0,655.0,1105.0,647.0,886.0,1069.0,702.0,684.0,701.0,701.0,719.0,684.0,700.0,691.0,709.0,731.0,703.0,714.0,1049.0,896.0,611.0,1263.0,1263.0,709.0,694.0,625.0,693.0,1263.0,702.0,1103.0,889.0,679.0,694.0,748.0,716.0,663.0,645.0,632.0,673.0,658.0,919.0,656.0,658.0,1094.0,901.0,903.0,900.0,1086.0,709.0,765.0,1091.0,580.0,816.0,810.0,657.0,440.0,456.0,601.0,682.0,657.0,625.0,585.0,827.0,893.0
SE8__C2283_L=6714=_3,894.0,857.0,910.0,837.0,1085.0,455.0,695.0,693.0,697.0,700.0,708.0,471.0,707.0,712.0,708.0,717.0,682.0,703.0,648.0,708.0,701.0,704.0,625.0,581.0,693.0,865.0,714.0,684.0,690.0,663.0,590.0,664.0,607.0,640.0,677.0,527.0,668.0,560.0,661.0,708.0,755.0,1051.0,829.0,1042.0,694.0,1236.0,474.0,910.0,669.0,707.0,886.0,461.0,899.0,714.0,680.0,954.0,702.0,637.0,712.0,922.0,702.0,714.0,1236.0,682.0,1033.0,867.0,831.0,682.0,1031.0,941.0,864.0,820.0,907.0,1036.0,677.0,702.0,864.0,702.0,702.0,899.0,673.0,732.0,849.0,702.0,1236.0,714.0,689.0,665.0,682.0,619.0,543.0,652.0,639.0,635.0,654.0,645.0,610.0,647.0,653.0,707.0,692.0,703.0,700.0,707.0,1060.0,765.0,713.0,567.0,694.0,697.0,625.0,447.0,455.0,594.0,667.0,635.0,612.0,570.0,684.0,698.0
SE99__C673_L=14022=_11,717.0,710.0,662.0,609.0,707.0,453.0,881.0,888.0,884.0,908.0,925.0,483.0,916.0,896.0,892.0,927.0,898.0,864.0,944.0,903.0,879.0,860.0,821.0,704.0,819.0,693.0,895.0,907.0,900.0,675.0,771.0,676.0,615.0,626.0,684.0,531.0,663.0,560.0,679.0,901.0,602.0,705.0,691.0,711.0,615.0,714.0,475.0,669.0,692.0,1093.0,694.0,469.0,719.0,930.0,674.0,683.0,1103.0,653.0,1100.0,647.0,892.0,1089.0,714.0,687.0,709.0,706.0,725.0,687.0,710.0,687.0,714.0,735.0,713.0,707.0,1105.0,887.0,607.0,1103.0,1103.0,719.0,696.0,620.0,698.0,1103.0,714.0,1273.0,884.0,675.0,693.0,742.0,713.0,661.0,646.0,645.0,668.0,663.0,916.0,658.0,661.0,1081.0,902.0,897.0,904.0,1086.0,721.0,755.0,1075.0,572.0,818.0,816.0,662.0,436.0,464.0,604.0,678.0,662.0,626.0,571.0,814.0,892.0
SH__C13_L=557443;_316,706.0,695.0,646.0,591.0,691.0,444.0,908.0,907.0,877.0,879.0,901.0,468.0,908.0,880.0,870.0,879.0,940.0,837.0,826.0,866.0,871.0,828.0,824.0,684.0,783.0,674.0,882.0,922.0,880.0,663.0,728.0,649.0,598.0,618.0,651.0,519.0,655.0,550.0,654.0,873.0,585.0,683.0,683.0,692.0,596.0,689.0,465.0,655.0,659.0,886.0,679.0,460.0,688.0,906.0,672.0,664.0,889.0,652.0,901.0,621.0,887.0,878.0,689.0,663.0,686.0,686.0,692.0,663.0,686.0,683.0,704.0,725.0,685.0,692.0,845.0,878.0,592.0,889.0,889.0,688.0,673.0,618.0,692.0,889.0,689.0,884.0,1244.0,670.0,672.0,724.0,742.0,648.0,643.0,641.0,659.0,651.0,744.0,648.0,648.0,890.0,926.0,890.0,865.0,893.0,696.0,741.0,897.0,580.0,786.0,772.0,656.0,446.0,449.0,593.0,666.0,649.0,613.0,562.0,805.0,1032.0
SH__C179_L=165405;_55,677.0,676.0,651.0,583.0,674.0,447.0,691.0,684.0,667.0,694.0,695.0,464.0,679.0,682.0,679.0,674.0,670.0,685.0,636.0,682.0,669.0,687.0,617.0,572.0,685.0,659.0,679.0,674.0,688.0,1118.0,560.0,726.0,674.0,582.0,750.0,502.0,727.0,625.0,727.0,672.0,581.0,657.0,663.0,663.0,607.0,665.0,462.0,646.0,734.0,688.0,673.0,451.0,649.0,693.0,998.0,650.0,679.0,687.0,677.0,617.0,680.0,674.0,665.0,740.0,674.0,655.0,699.0,740.0,672.0,653.0,670.0,684.0,651.0,677.0,643.0,676.0,582.0,679.0,679.0,649.0,749.0,598.0,657.0,679.0,665.0,675.0,670.0,1192.0,758.0,614.0,519.0,721.0,717.0,700.0,988.0,714.0,578.0,722.0,730.0,676.0,673.0,684.0,683.0,674.0,666.0,681.0,685.0,612.0,684.0,686.0,695.0,444.0,452.0,656.0,1130.0,717.0,904.0,852.0,670.0,674.0
SH__C8414_L=14946;_8,672.0,693.0,648.0,594.0,677.0,440.0,685.0,692.0,682.0,694.0,698.0,468.0,689.0,701.0,693.0,697.0,674.0,671.0,646.0,683.0,683.0,672.0,632.0,582.0,669.0,668.0,702.0,684.0,697.0,756.0,591.0,813.0,744.0,597.0,824.0,509.0,837.0,697.0,841.0,674.0,572.0,681.0,656.0,664.0,602.0,682.0,471.0,641.0,850.0,699.0,678.0,449.0,670.0,697.0,756.0,664.0,694.0,755.0,683.0,612.0,691.0,701.0,682.0,842.0,671.0,673.0,697.0,842.0,670.0,669.0,680.0,698.0,672.0,669.0,657.0,686.0,579.0,694.0,694.0,670.0,874.0,596.0,673.0,694.0,682.0,693.0,672.0,758.0,1218.0,611.0,551.0,779.0,767.0,759.0,746.0,768.0,592.0,781.0,781.0,688.0,687.0,685.0,690.0,689.0,689.0,690.0,690.0,661.0,684.0,685.0,737.0,439.0,446.0,711.0,758.0,771.0,692.0,633.0,663.0,676.0
SH__C9972_L=13223;_6,617.0,614.0,592.0,524.0,602.0,419.0,721.0,712.0,736.0,741.0,766.0,449.0,765.0,737.0,736.0,739.0,738.0,710.0,748.0,723.0,736.0,712.0,676.0,598.0,693.0,616.0,731.0,721.0,739.0,603.0,686.0,605.0,552.0,540.0,604.0,497.0,591.0,543.0,601.0,744.0,536.0,612.0,616.0,603.0,519.0,619.0,436.0,573.0,601.0,741.0,596.0,434.0,605.0,763.0,611.0,619.0,748.0,591.0,755.0,550.0,736.0,760.0,619.0,589.0,602.0,624.0,622.0,589.0,601.0,608.0,620.0,635.0,613.0,604.0,705.0,736.0,523.0,748.0,748.0,605.0,615.0,608.0,604.0,748.0,619.0,742.0,724.0,614.0,611.0,1133.0,633.0,609.0,592.0,587.0,604.0,589.0,624.0,608.0,598.0,751.0,733.0,745.0,740.0,739.0,619.0,657.0,754.0,562.0,698.0,698.0,580.0,410.0,435.0,541.0,613.0,587.0,553.0,557.0,1033.0,739.0
SH__C72_L=271655;_1,542.0,545.0,515.0,449.0,534.0,396.0,741.0,738.0,704.0,702.0,707.0,420.0,722.0,720.0,710.0,705.0,736.0,652.0,721.0,695.0,707.0,655.0,788.0,518.0,616.0,523.0,716.0,878.0,695.0,516.0,708.0,525.0,470.0,483.0,529.0,471.0,521.0,521.0,535.0,698.0,460.0,530.0,540.0,545.0,447.0,543.0,407.0,499.0,531.0,719.0,532.0,397.0,531.0,709.0,528.0,537.0,716.0,520.0,733.0,480.0,709.0,724.0,543.0,531.0,542.0,544.0,546.0,531.0,541.0,534.0,551.0,560.0,544.0,545.0,678.0,719.0,441.0,716.0,716.0,531.0,551.0,531.0,542.0,716.0,543.0,713.0,742.0,519.0,551.0,633.0,1025.0,536.0,516.0,508.0,526.0,519.0,573.0,538.0,536.0,722.0,886.0,716.0,691.0,735.0,563.0,602.0,718.0,515.0,627.0,627.0,517.0,381.0,396.0,480.0,522.0,513.0,479.0,525.0,630.0,751.0
SH__C87_L=246657;_202,656.0,648.0,622.0,565.0,643.0,444.0,656.0,655.0,670.0,671.0,673.0,458.0,664.0,664.0,658.0,646.0,663.0,657.0,625.0,660.0,670.0,657.0,604.0,552.0,669.0,642.0,665.0,662.0,664.0,720.0,557.0,774.0,707.0,564.0,780.0,515.0,731.0,640.0,739.0,653.0,555.0,643.0,650.0,648.0,566.0,652.0,459.0,602.0,724.0,659.0,641.0,458.0,649.0,674.0,712.0,637.0,663.0,817.0,664.0,591.0,658.0,669.0,652.0,743.0,647.0,650.0,655.0,743.0,646.0,646.0,633.0,647.0,645.0,648.0,633.0,657.0,557.0,663.0,663.0,649.0,800.0,590.0,617.0,663.0,652.0,661.0,648.0,721.0,779.0,609.0,536.0,1204.0,865.0,858.0,716.0,896.0,562.0,1174.0,1135.0,660.0,663.0,657.0,652.0,660.0,664.0,654.0,671.0,733.0,667.0,673.0,820.0,431.0,448.0,960.0,725.0,865.0,658.0,597.0,666.0,650.0
SH__C10355_L=12874;_5,646.0,619.0,593.0,557.0,631.0,438.0,651.0,655.0,650.0,649.0,647.0,456.0,653.0,659.0,656.0,657.0,644.0,638.0,606.0,646.0,654.0,631.0,604.0,544.0,658.0,630.0,657.0,643.0,648.0,701.0,541.0,764.0,723.0,547.0,787.0,503.0,733.0,630.0,754.0,637.0,549.0,621.0,636.0,629.0,557.0,639.0,447.0,586.0,722.0,644.0,619.0,446.0,624.0,655.0,715.0,618.0,645.0,818.0,647.0,585.0,655.0,645.0,639.0,737.0,634.0,635.0,637.0,737.0,633.0,619.0,627.0,627.0,629.0,630.0,625.0,652.0,557.0,645.0,645.0,624.0,795.0,578.0,614.0,645.0,639.0,646.0,643.0,717.0,767.0,592.0,516.0,865.0,1204.0,1032.0,709.0,850.0,560.0,863.0,868.0,644.0,646.0,652.0,642.0,644.0,629.0,648.0,651.0,719.0,660.0,656.0,838.0,437.0,441.0,789.0,713.0,999.0,652.0,587.0,649.0,644.0
SH__C13055_L=10917;_5,632.0,619.0,584.0,540.0,632.0,442.0,643.0,646.0,643.0,638.0,646.0,455.0,645.0,643.0,648.0,644.0,636.0,634.0,608.0,638.0,648.0,638.0,585.0,544.0,663.0,630.0,647.0,636.0,640.0,691.0,540.0,764.0,697.0,539.0,771.0,501.0,715.0,623.0,750.0,626.0,534.0,616.0,624.0,627.0,536.0,635.0,443.0,585.0,722.0,633.0,613.0,453.0,623.0,651.0,699.0,610.0,632.0,803.0,637.0,577.0,640.0,637.0,635.0,720.0,628.0,623.0,631.0,720.0,628.0,614.0,621.0,618.0,625.0,625.0,622.0,645.0,543.0,632.0,632.0,623.0,795.0,562.0,610.0,632.0,635.0,645.0,641.0,700.0,759.0,587.0,508.0,858.0,1032.0,1204.0,699.0,862.0,560.0,859.0,853.0,638.0,636.0,639.0,641.0,635.0,630.0,646.0,643.0,705.0,660.0,652.0,823.0,429.0,438.0,779.0,700.0,985.0,651.0,582.0,637.0,641.0
SH__C1653_L=43388;_22,668.0,661.0,642.0,581.0,664.0,444.0,677.0,670.0,659.0,681.0,689.0,468.0,676.0,667.0,668.0,661.0,652.0,675.0,636.0,669.0,665.0,677.0,608.0,569.0,674.0,654.0,669.0,668.0,677.0,984.0,553.0,717.0,651.0,577.0,732.0,516.0,714.0,627.0,719.0,664.0,566.0,654.0,661.0,660.0,596.0,654.0,455.0,635.0,734.0,676.0,661.0,449.0,643.0,685.0,978.0,638.0,673.0,689.0,669.0,604.0,668.0,672.0,654.0,732.0,664.0,655.0,678.0,732.0,662.0,649.0,657.0,675.0,646.0,666.0,641.0,669.0,572.0,673.0,673.0,643.0,747.0,596.0,651.0,673.0,654.0,668.0,659.0,988.0,746.0,604.0,526.0,716.0,709.0,699.0,1191.0,715.0,580.0,716.0,727.0,676.0,663.0,672.0,680.0,667.0,661.0,668.0,669.0,620.0,677.0,673.0,683.0,443.0,452.0,652.0,991.0,707.0,1047.0,843.0,660.0,675.0
SH__C12901_L=11022;_4,651.0,619.0,607.0,555.0,641.0,444.0,650.0,655.0,658.0,662.0,652.0,460.0,647.0,658.0,659.0,651.0,652.0,636.0,610.0,650.0,661.0,637.0,597.0,549.0,646.0,627.0,658.0,644.0,660.0,709.0,547.0,768.0,702.0,556.0,774.0,508.0,726.0,638.0,729.0,637.0,553.0,630.0,635.0,638.0,558.0,645.0,451.0,603.0,727.0,657.0,629.0,449.0,636.0,654.0,713.0,622.0,658.0,805.0,658.0,590.0,647.0,655.0,645.0,724.0,645.0,635.0,640.0,724.0,644.0,624.0,628.0,643.0,633.0,640.0,633.0,653.0,556.0,658.0,658.0,636.0,798.0,574.0,619.0,658.0,645.0,663.0,651.0,714.0,768.0,589.0,519.0,896.0,850.0,862.0,715.0,1204.0,572.0,906.0,913.0,662.0,645.0,651.0,654.0,664.0,644.0,647.0,662.0,717.0,647.0,651.0,811.0,438.0,453.0,827.0,719.0,852.0,662.0,593.0,650.0,643.0
SH__C4356_L=23149;_22,610.0,608.0,561.0,597.0,602.0,416.0,737.0,740.0,744.0,767.0,770.0,434.0,771.0,746.0,737.0,760.0,750.0,723.0,798.0,751.0,744.0,715.0,729.0,698.0,691.0,600.0,751.0,751.0,755.0,577.0,613.0,583.0,582.0,612.0,586.0,475.0,567.0,471.0,573.0,752.0,586.0,598.0,597.0,604.0,598.0,610.0,435.0,599.0,577.0,897.0,600.0,420.0,608.0,779.0,582.0,582.0,919.0,568.0,987.0,601.0,742.0,883.0,610.0,577.0,600.0,612.0,617.0,577.0,599.0,581.0,612.0,620.0,607.0,600.0,911.0,749.0,594.0,919.0,919.0,608.0,589.0,527.0,604.0,919.0,610.0,916.0,744.0,578.0,592.0,624.0,573.0,562.0,560.0,560.0,580.0,572.0,1065.0,560.0,567.0,1055.0,745.0,746.0,768.0,980.0,620.0,639.0,914.0,489.0,698.0,687.0,561.0,408.0,420.0,565.0,585.0,567.0,573.0,482.0,703.0,747.0
SH__C1468_L=46567;_33,658.0,643.0,619.0,560.0,641.0,446.0,655.0,652.0,669.0,669.0,673.0,456.0,663.0,659.0,657.0,643.0,667.0,653.0,624.0,653.0,668.0,654.0,604.0,547.0,667.0,640.0,665.0,661.0,667.0,722.0,556.0,776.0,710.0,561.0,777.0,512.0,730.0,642.0,738.0,648.0,550.0,637.0,647.0,644.0,564.0,647.0,458.0,599.0,723.0,655.0,636.0,457.0,645.0,673.0,713.0,633.0,656.0,817.0,661.0,589.0,657.0,666.0,647.0,738.0,643.0,644.0,654.0,738.0,642.0,646.0,629.0,646.0,641.0,643.0,631.0,653.0,553.0,656.0,656.0,645.0,804.0,586.0,616.0,656.0,647.0,658.0,648.0,722.0,781.0,608.0,538.0,1174.0,863.0,859.0,716.0,906.0,560.0,1204.0,1141.0,658.0,661.0,656.0,655.0,657.0,653.0,651.0,669.0,734.0,668.0,674.0,827.0,434.0,450.0,972.0,726.0,863.0,661.0,596.0,665.0,651.0
SH__C7113_L=16699;_5,656.0,647.0,620.0,561.0,645.0,445.0,658.0,657.0,670.0,665.0,669.0,454.0,657.0,665.0,662.0,649.0,660.0,650.0,624.0,657.0,672.0,654.0,609.0,547.0,664.0,639.0,668.0,663.0,661.0,729.0,552.0,773.0,725.0,559.0,787.0,510.0,725.0,645.0,744.0,650.0,557.0,638.0,643.0,649.0,570.0,653.0,457.0,604.0,723.0,658.0,638.0,459.0,645.0,672.0,725.0,634.0,658.0,813.0,666.0,594.0,659.0,668.0,653.0,744.0,648.0,650.0,653.0,744.0,648.0,642.0,637.0,642.0,642.0,648.0,632.0,657.0,562.0,658.0,658.0,645.0,809.0,581.0,619.0,658.0,653.0,661.0,648.0,730.0,781.0,598.0,536.0,1135.0,868.0,853.0,727.0,913.0,567.0,1141.0,1204.0,662.0,660.0,656.0,655.0,657.0,658.0,646.0,668.0,734.0,666.0,676.0,824.0,433.0,453.0,961.0,732.0,859.0,672.0,604.0,657.0,653.0
SH__C1152_L=53506;_34,709.0,704.0,658.0,616.0,704.0,451.0,894.0,897.0,891.0,920.0,922.0,484.0,922.0,897.0,889.0,907.0,895.0,854.0,972.0,897.0,890.0,850.0,810.0,701.0,821.0,693.0,898.0,902.0,908.0,673.0,758.0,670.0,628.0,634.0,674.0,524.0,659.0,567.0,664.0,898.0,610.0,694.0,692.0,703.0,609.0,707.0,471.0,672.0,675.0,1059.0,696.0,470.0,702.0,927.0,679.0,676.0,1094.0,656.0,1172.0,644.0,897.0,1052.0,707.0,675.0,696.0,707.0,712.0,675.0,695.0,681.0,709.0,731.0,703.0,700.0,1020.0,900.0,608.0,1094.0,1094.0,702.0,689.0,620.0,695.0,1094.0,707.0,1081.0,890.0,676.0,688.0,751.0,722.0,660.0,644.0,638.0,676.0,662.0,1055.0,658.0,662.0,1271.0,892.0,900.0,913.0,1159.0,714.0,756.0,1088.0,573.0,832.0,815.0,661.0,447.0,459.0,613.0,681.0,656.0,627.0,583.0,825.0,897.0
SH__C1574_L=44718;_35,700.0,698.0,642.0,588.0,689.0,442.0,925.0,937.0,884.0,859.0,896.0,478.0,903.0,883.0,875.0,875.0,935.0,832.0,834.0,866.0,885.0,828.0,1034.0,683.0,792.0,678.0,882.0,1111.0,864.0,664.0,745.0,656.0,608.0,628.0,663.0,525.0,648.0,554.0,662.0,873.0,594.0,683.0,681.0,685.0,607.0,692.0,478.0,652.0,664.0,902.0,671.0,463.0,681.0,894.0,673.0,666.0,901.0,644.0,904.0,626.0,889.0,901.0,692.0,662.0,686.0,687.0,708.0,662.0,685.0,684.0,706.0,734.0,685.0,691.0,849.0,892.0,590.0,901.0,901.0,681.0,677.0,609.0,702.0,901.0,692.0,902.0,926.0,673.0,687.0,733.0,886.0,663.0,646.0,636.0,663.0,645.0,745.0,661.0,660.0,892.0,1252.0,887.0,865.0,904.0,703.0,754.0,904.0,572.0,790.0,792.0,647.0,438.0,458.0,612.0,673.0,650.0,619.0,563.0,809.0,933.0
SH__C147_L=181440;_65,711.0,691.0,645.0,593.0,704.0,451.0,876.0,867.0,993.0,887.0,909.0,483.0,916.0,995.0,1070.0,858.0,872.0,836.0,838.0,873.0,991.0,839.0,798.0,702.0,820.0,678.0,993.0,885.0,876.0,682.0,758.0,675.0,612.0,609.0,662.0,530.0,658.0,574.0,670.0,884.0,597.0,692.0,701.0,697.0,608.0,703.0,476.0,661.0,668.0,899.0,690.0,473.0,688.0,908.0,678.0,675.0,903.0,656.0,907.0,635.0,1111.0,893.0,703.0,674.0,693.0,690.0,708.0,674.0,693.0,687.0,701.0,735.0,697.0,702.0,855.0,1094.0,602.0,903.0,903.0,688.0,689.0,618.0,693.0,903.0,703.0,897.0,890.0,684.0,685.0,745.0,716.0,657.0,652.0,639.0,672.0,651.0,746.0,656.0,656.0,900.0,887.0,1275.0,869.0,897.0,710.0,749.0,916.0,578.0,819.0,817.0,655.0,448.0,460.0,600.0,681.0,649.0,620.0,582.0,808.0,882.0
SH__C2249_L=35796;_12,713.0,701.0,654.0,611.0,698.0,450.0,882.0,883.0,877.0,955.0,943.0,478.0,913.0,883.0,863.0,895.0,876.0,876.0,839.0,892.0,877.0,860.0,779.0,721.0,806.0,679.0,884.0,868.0,936.0,676.0,752.0,677.0,613.0,614.0,671.0,522.0,664.0,567.0,662.0,883.0,606.0,686.0,688.0,700.0,606.0,700.0,471.0,658.0,674.0,900.0,694.0,469.0,698.0,939.0,688.0,677.0,900.0,656.0,905.0,640.0,872.0,897.0,700.0,671.0,702.0,693.0,710.0,671.0,701.0,680.0,700.0,717.0,691.0,699.0,844.0,863.0,605.0,900.0,900.0,698.0,676.0,616.0,689.0,900.0,700.0,904.0,865.0,683.0,690.0,740.0,691.0,652.0,642.0,641.0,680.0,654.0,768.0,655.0,655.0,913.0,865.0,869.0,1248.0,903.0,715.0,749.0,910.0,583.0,804.0,807.0,640.0,445.0,446.0,594.0,686.0,652.0,630.0,580.0,815.0,862.0
SH__C5122_L=20807;_3,710.0,708.0,650.0,609.0,703.0,452.0,896.0,894.0,885.0,924.0,919.0,482.0,926.0,893.0,892.0,919.0,903.0,858.0,967.0,907.0,884.0,852.0,823.0,708.0,822.0,691.0,894.0,914.0,901.0,672.0,770.0,675.0,620.0,631.0,678.0,529.0,654.0,565.0,659.0,900.0,608.0,701.0,689.0,693.0,609.0,707.0,470.0,670.0,673.0,1065.0,697.0,463.0,704.0,922.0,676.0,682.0,1086.0,654.0,1176.0,637.0,894.0,1066.0,707.0,675.0,695.0,702.0,712.0,675.0,694.0,682.0,709.0,721.0,702.0,699.0,1030.0,896.0,601.0,1086.0,1086.0,704.0,692.0,625.0,699.0,1086.0,707.0,1086.0,893.0,674.0,689.0,739.0,735.0,660.0,644.0,635.0,667.0,664.0,980.0,657.0,657.0,1159.0,904.0,897.0,903.0,1273.0,714.0,761.0,1085.0,571.0,827.0,822.0,657.0,444.0,459.0,605.0,676.0,653.0,619.0,577.0,816.0,892.0
SH__C20984_L=7808;_2,923.0,871.0,927.0,841.0,1062.0,498.0,709.0,706.0,708.0,704.0,702.0,545.0,720.0,719.0,713.0,718.0,698.0,705.0,656.0,724.0,712.0,714.0,622.0,598.0,702.0,880.0,721.0,692.0,707.0,669.0,605.0,678.0,620.0,646.0,673.0,598.0,662.0,572.0,676.0,728.0,741.0,1149.0,852.0,1036.0,699.0,1060.0,527.0,924.0,687.0,716.0,908.0,505.0,929.0,706.0,681.0,950.0,709.0,636.0,717.0,928.0,709.0,715.0,1060.0,683.0,1041.0,863.0,858.0,683.0,1039.0,939.0,889.0,823.0,930.0,1043.0,681.0,713.0,863.0,709.0,709.0,929.0,663.0,745.0,868.0,709.0,1060.0,721.0,696.0,666.0,689.0,619.0,563.0,664.0,629.0,630.0,661.0,644.0,620.0,653.0,658.0,714.0,703.0,710.0,715.0,714.0,1655.0,762.0,718.0,573.0,701.0,707.0,628.0,493.0,502.0,596.0,670.0,630.0,614.0,574.0,690.0,691.0
SH__C4705_L=22029;_13,763.0,747.0,713.0,655.0,757.0,464.0,749.0,754.0,738.0,760.0,758.0,484.0,772.0,745.0,743.0,752.0,734.0,744.0,707.0,754.0,741.0,728.0,673.0,619.0,750.0,732.0,749.0,745.0,749.0,676.0,643.0,685.0,611.0,735.0,674.0,521.0,678.0,581.0,685.0,764.0,646.0,747.0,726.0,746.0,642.0,765.0,473.0,714.0,682.0,769.0,744.0,467.0,739.0,759.0,682.0,729.0,765.0,638.0,755.0,680.0,741.0,767.0,765.0,692.0,737.0,725.0,781.0,692.0,736.0,739.0,763.0,770.0,750.0,748.0,721.0,743.0,634.0,765.0,765.0,739.0,672.0,643.0,749.0,765.0,765.0,755.0,741.0,681.0,690.0,657.0,602.0,654.0,648.0,646.0,668.0,647.0,639.0,651.0,646.0,756.0,754.0,749.0,749.0,761.0,762.0,1252.0,770.0,571.0,749.0,743.0,649.0,447.0,448.0,601.0,687.0,661.0,620.0,572.0,727.0,737.0
SH__C831_L=65040;_30,718.0,707.0,670.0,616.0,711.0,454.0,890.0,896.0,904.0,924.0,936.0,485.0,930.0,911.0,901.0,927.0,914.0,870.0,978.0,909.0,900.0,860.0,817.0,712.0,842.0,692.0,912.0,906.0,913.0,683.0,772.0,675.0,629.0,630.0,681.0,523.0,671.0,565.0,671.0,926.0,617.0,701.0,705.0,707.0,618.0,713.0,472.0,670.0,682.0,1073.0,708.0,467.0,726.0,933.0,684.0,687.0,1091.0,659.0,1098.0,649.0,897.0,1071.0,713.0,683.0,703.0,705.0,722.0,683.0,704.0,692.0,713.0,741.0,722.0,714.0,1017.0,904.0,613.0,1091.0,1091.0,726.0,691.0,631.0,698.0,1091.0,713.0,1075.0,897.0,685.0,690.0,754.0,718.0,671.0,651.0,643.0,669.0,662.0,914.0,669.0,668.0,1088.0,904.0,916.0,910.0,1085.0,718.0,770.0,1264.0,577.0,830.0,830.0,670.0,442.0,461.0,614.0,681.0,656.0,623.0,578.0,828.0,906.0
SH__C32637_L=5685;_4,576.0,564.0,552.0,475.0,565.0,404.0,582.0,576.0,590.0,577.0,577.0,428.0,574.0,581.0,571.0,558.0,568.0,557.0,570.0,571.0,588.0,552.0,528.0,470.0,566.0,557.0,584.0,569.0,574.0,614.0,549.0,678.0,608.0,468.0,679.0,470.0,632.0,639.0,640.0,564.0,493.0,555.0,573.0,561.0,483.0,567.0,418.0,524.0,636.0,575.0,571.0,413.0,549.0,582.0,619.0,562.0,580.0,787.0,565.0,510.0,571.0,565.0,567.0,642.0,568.0,563.0,575.0,642.0,567.0,550.0,553.0,565.0,549.0,564.0,545.0,573.0,476.0,580.0,580.0,549.0,709.0,567.0,540.0,580.0,567.0,572.0,580.0,612.0,661.0,562.0,515.0,733.0,719.0,705.0,620.0,717.0,489.0,734.0,734.0,573.0,572.0,578.0,583.0,571.0,573.0,571.0,577.0,1051.0,567.0,562.0,713.0,395.0,407.0,669.0,614.0,710.0,568.0,601.0,570.0,574.0
SH__C1778_L=41497;_28,686.0,680.0,641.0,588.0,686.0,457.0,790.0,790.0,819.0,813.0,815.0,476.0,823.0,818.0,807.0,802.0,806.0,784.0,755.0,803.0,822.0,785.0,706.0,662.0,1154.0,682.0,820.0,791.0,798.0,675.0,683.0,670.0,615.0,624.0,680.0,526.0,673.0,576.0,669.0,807.0,583.0,680.0,676.0,698.0,606.0,694.0,469.0,647.0,665.0,821.0,671.0,473.0,684.0,819.0,669.0,661.0,816.0,657.0,827.0,635.0,824.0,819.0,694.0,669.0,691.0,687.0,712.0,669.0,690.0,670.0,685.0,723.0,679.0,694.0,783.0,817.0,599.0,816.0,816.0,684.0,673.0,604.0,668.0,816.0,694.0,818.0,786.0,684.0,684.0,698.0,627.0,667.0,660.0,660.0,677.0,647.0,698.0,668.0,666.0,832.0,790.0,819.0,804.0,827.0,701.0,749.0,830.0,567.0,1252.0,1029.0,644.0,446.0,463.0,607.0,679.0,663.0,625.0,576.0,763.0,801.0
SH__C47_L=337656;_99,692.0,691.0,646.0,592.0,690.0,458.0,795.0,790.0,821.0,807.0,800.0,483.0,811.0,822.0,813.0,800.0,794.0,774.0,759.0,802.0,823.0,775.0,706.0,649.0,1045.0,688.0,828.0,786.0,806.0,672.0,672.0,675.0,608.0,619.0,692.0,525.0,663.0,578.0,670.0,796.0,590.0,683.0,677.0,688.0,608.0,697.0,474.0,655.0,660.0,817.0,675.0,473.0,680.0,801.0,674.0,661.0,810.0,654.0,817.0,634.0,815.0,817.0,697.0,675.0,695.0,686.0,695.0,675.0,694.0,670.0,696.0,715.0,675.0,690.0,783.0,818.0,597.0,810.0,810.0,680.0,679.0,607.0,681.0,810.0,697.0,816.0,772.0,686.0,685.0,698.0,627.0,673.0,656.0,652.0,673.0,651.0,687.0,674.0,676.0,815.0,792.0,817.0,807.0,822.0,707.0,743.0,830.0,562.0,1029.0,1251.0,658.0,449.0,455.0,605.0,683.0,660.0,615.0,574.0,770.0,786.0
SH__C1196_L=52291;_4,634.0,621.0,591.0,544.0,615.0,451.0,654.0,652.0,663.0,646.0,660.0,459.0,653.0,663.0,661.0,649.0,642.0,627.0,618.0,644.0,663.0,628.0,597.0,534.0,652.0,617.0,669.0,653.0,649.0,696.0,547.0,748.0,686.0,547.0,759.0,504.0,704.0,607.0,718.0,639.0,541.0,609.0,621.0,618.0,550.0,625.0,453.0,577.0,700.0,665.0,618.0,454.0,621.0,654.0,700.0,611.0,657.0,831.0,657.0,562.0,652.0,657.0,625.0,726.0,618.0,624.0,624.0,726.0,618.0,613.0,619.0,636.0,619.0,615.0,637.0,660.0,533.0,657.0,657.0,621.0,782.0,555.0,604.0,657.0,625.0,662.0,656.0,695.0,737.0,580.0,517.0,820.0,838.0,823.0,683.0,811.0,561.0,827.0,824.0,661.0,647.0,655.0,640.0,657.0,628.0,649.0,670.0,713.0,644.0,658.0,1214.0,445.0,451.0,743.0,698.0,827.0,627.0,585.0,649.0,649.0
SH__C6717_L=17325;_7,462.0,430.0,424.0,409.0,450.0,617.0,444.0,443.0,444.0,441.0,446.0,427.0,443.0,434.0,437.0,442.0,450.0,440.0,421.0,442.0,445.0,439.0,410.0,406.0,444.0,442.0,437.0,444.0,447.0,439.0,402.0,443.0,425.0,411.0,440.0,469.0,431.0,395.0,432.0,447.0,398.0,443.0,457.0,445.0,398.0,447.0,518.0,431.0,441.0,436.0,438.0,738.0,462.0,451.0,444.0,425.0,440.0,442.0,439.0,421.0,439.0,445.0,447.0,430.0,442.0,441.0,446.0,430.0,442.0,444.0,442.0,438.0,460.0,447.0,429.0,442.0,412.0,440.0,440.0,462.0,443.0,415.0,437.0,440.0,447.0,436.0,446.0,444.0,439.0,410.0,381.0,431.0,437.0,429.0,443.0,438.0,408.0,434.0,433.0,447.0,438.0,448.0,445.0,444.0,493.0,447.0,442.0,395.0,446.0,449.0,445.0,1095.0,502.0,418.0,438.0,435.0,426.0,402.0,440.0,444.0
SH__C21428_L=7688;_1,465.0,447.0,432.0,420.0,455.0,511.0,455.0,453.0,458.0,455.0,464.0,444.0,455.0,459.0,451.0,454.0,463.0,457.0,443.0,444.0,460.0,461.0,431.0,415.0,454.0,443.0,458.0,462.0,464.0,451.0,410.0,438.0,416.0,425.0,433.0,489.0,441.0,396.0,443.0,454.0,412.0,458.0,450.0,454.0,406.0,455.0,684.0,438.0,440.0,459.0,443.0,551.0,455.0,464.0,462.0,439.0,456.0,453.0,466.0,435.0,450.0,459.0,455.0,444.0,457.0,452.0,459.0,444.0,457.0,443.0,451.0,447.0,460.0,454.0,446.0,448.0,421.0,456.0,456.0,455.0,458.0,420.0,443.0,456.0,455.0,464.0,449.0,452.0,446.0,435.0,396.0,448.0,441.0,438.0,452.0,453.0,420.0,450.0,453.0,459.0,458.0,460.0,446.0,459.0,502.0,448.0,461.0,407.0,463.0,455.0,451.0,502.0,1109.0,425.0,449.0,446.0,434.0,401.0,451.0,460.0
SH__C67661_L=3290;_1,605.0,592.0,557.0,543.0,594.0,425.0,605.0,605.0,609.0,606.0,612.0,432.0,599.0,596.0,600.0,604.0,606.0,594.0,574.0,600.0,608.0,598.0,598.0,537.0,610.0,572.0,599.0,603.0,605.0,651.0,502.0,689.0,703.0,557.0,695.0,484.0,671.0,570.0,670.0,596.0,551.0,585.0,589.0,585.0,553.0,594.0,434.0,573.0,648.0,602.0,580.0,434.0,583.0,613.0,646.0,577.0,601.0,743.0,610.0,577.0,593.0,612.0,594.0,675.0,587.0,596.0,595.0,675.0,586.0,584.0,575.0,591.0,587.0,586.0,607.0,592.0,545.0,601.0,601.0,583.0,734.0,531.0,576.0,601.0,594.0,604.0,593.0,656.0,711.0,541.0,480.0,960.0,789.0,779.0,652.0,827.0,565.0,972.0,961.0,613.0,612.0,600.0,594.0,605.0,596.0,601.0,614.0,669.0,607.0,605.0,743.0,418.0,425.0,1096.0,657.0,787.0,652.0,538.0,596.0,596.0
SH__C269_L=127913;_93,676.0,676.0,651.0,591.0,673.0,444.0,695.0,691.0,668.0,693.0,698.0,460.0,685.0,683.0,681.0,670.0,671.0,686.0,640.0,680.0,676.0,688.0,620.0,574.0,682.0,655.0,682.0,676.0,686.0,1105.0,564.0,728.0,675.0,583.0,755.0,506.0,724.0,630.0,733.0,668.0,578.0,659.0,666.0,668.0,608.0,667.0,456.0,651.0,735.0,688.0,671.0,455.0,648.0,699.0,996.0,654.0,682.0,692.0,679.0,620.0,682.0,672.0,667.0,739.0,677.0,656.0,697.0,739.0,675.0,660.0,666.0,690.0,654.0,678.0,642.0,681.0,587.0,682.0,682.0,648.0,755.0,598.0,655.0,682.0,667.0,678.0,666.0,1130.0,758.0,613.0,522.0,725.0,713.0,700.0,991.0,719.0,585.0,726.0,732.0,681.0,673.0,681.0,686.0,676.0,670.0,687.0,681.0,614.0,679.0,683.0,698.0,438.0,449.0,657.0,1192.0,715.0,907.0,855.0,669.0,677.0
SH__C10375_L=12858;_9,643.0,624.0,593.0,547.0,632.0,442.0,646.0,655.0,659.0,653.0,655.0,462.0,652.0,652.0,655.0,652.0,658.0,636.0,608.0,642.0,661.0,639.0,601.0,542.0,669.0,640.0,658.0,649.0,650.0,711.0,547.0,774.0,718.0,558.0,773.0,502.0,739.0,632.0,764.0,637.0,555.0,623.0,635.0,626.0,555.0,635.0,444.0,583.0,732.0,654.0,623.0,450.0,626.0,659.0,712.0,622.0,657.0,814.0,653.0,582.0,655.0,651.0,635.0,724.0,630.0,633.0,654.0,724.0,629.0,619.0,630.0,636.0,626.0,625.0,637.0,656.0,548.0,657.0,657.0,626.0,806.0,578.0,615.0,657.0,635.0,662.0,649.0,717.0,771.0,587.0,513.0,865.0,999.0,985.0,707.0,852.0,567.0,863.0,859.0,656.0,650.0,649.0,652.0,653.0,630.0,661.0,656.0,710.0,663.0,660.0,827.0,435.0,446.0,787.0,715.0,1204.0,652.0,591.0,648.0,645.0
SH__C44812_L=4486;_2,625.0,622.0,596.0,569.0,621.0,429.0,628.0,627.0,607.0,634.0,645.0,451.0,630.0,621.0,614.0,617.0,609.0,630.0,588.0,622.0,614.0,632.0,605.0,564.0,624.0,611.0,623.0,621.0,629.0,896.0,503.0,665.0,652.0,571.0,682.0,487.0,660.0,568.0,669.0,617.0,564.0,609.0,616.0,623.0,586.0,612.0,440.0,618.0,672.0,632.0,608.0,442.0,598.0,641.0,892.0,600.0,625.0,635.0,621.0,608.0,618.0,620.0,612.0,678.0,629.0,609.0,640.0,678.0,627.0,604.0,607.0,637.0,598.0,628.0,623.0,620.0,574.0,625.0,625.0,598.0,693.0,546.0,610.0,625.0,612.0,626.0,613.0,904.0,692.0,553.0,479.0,658.0,652.0,651.0,1047.0,662.0,573.0,661.0,672.0,627.0,619.0,620.0,630.0,619.0,614.0,620.0,623.0,568.0,625.0,615.0,627.0,426.0,434.0,652.0,907.0,652.0,1109.0,760.0,608.0,626.0
SH__C30872_L=5920;_4,574.0,572.0,580.0,480.0,572.0,402.0,579.0,577.0,566.0,583.0,589.0,429.0,577.0,575.0,582.0,575.0,560.0,568.0,581.0,572.0,571.0,572.0,515.0,475.0,566.0,560.0,578.0,571.0,588.0,854.0,561.0,621.0,549.0,481.0,629.0,467.0,617.0,622.0,609.0,567.0,489.0,558.0,568.0,570.0,494.0,570.0,412.0,549.0,630.0,578.0,578.0,408.0,552.0,588.0,891.0,562.0,585.0,594.0,580.0,512.0,576.0,572.0,570.0,631.0,578.0,568.0,582.0,631.0,578.0,558.0,561.0,584.0,556.0,578.0,538.0,578.0,483.0,585.0,585.0,552.0,637.0,565.0,551.0,585.0,570.0,571.0,562.0,852.0,633.0,557.0,525.0,597.0,587.0,582.0,843.0,593.0,482.0,596.0,604.0,583.0,563.0,582.0,580.0,577.0,574.0,572.0,578.0,601.0,576.0,574.0,585.0,402.0,401.0,538.0,855.0,591.0,760.0,1028.0,561.0,567.0
SH__C34995_L=5408;_1,684.0,670.0,634.0,591.0,670.0,446.0,800.0,793.0,817.0,806.0,831.0,470.0,842.0,810.0,803.0,811.0,809.0,781.0,760.0,797.0,819.0,782.0,734.0,660.0,761.0,677.0,806.0,795.0,805.0,664.0,684.0,661.0,613.0,602.0,659.0,516.0,648.0,539.0,651.0,818.0,585.0,668.0,672.0,671.0,587.0,684.0,467.0,639.0,656.0,817.0,657.0,465.0,672.0,829.0,670.0,664.0,827.0,648.0,823.0,624.0,801.0,829.0,684.0,645.0,676.0,686.0,682.0,645.0,675.0,672.0,688.0,710.0,676.0,674.0,776.0,804.0,595.0,827.0,827.0,672.0,672.0,605.0,677.0,827.0,684.0,814.0,805.0,670.0,663.0,1033.0,630.0,666.0,649.0,637.0,660.0,650.0,703.0,665.0,657.0,825.0,809.0,808.0,815.0,816.0,690.0,727.0,828.0,570.0,763.0,770.0,649.0,440.0,451.0,596.0,669.0,648.0,608.0,561.0,1232.0,814.0
SH__C3732_L=25517;_4,697.0,698.0,642.0,595.0,688.0,443.0,915.0,913.0,876.0,874.0,908.0,479.0,903.0,876.0,882.0,861.0,910.0,824.0,817.0,862.0,875.0,830.0,840.0,696.0,794.0,679.0,873.0,929.0,853.0,674.0,744.0,652.0,600.0,607.0,658.0,518.0,655.0,552.0,655.0,876.0,596.0,677.0,685.0,687.0,602.0,698.0,468.0,657.0,663.0,890.0,674.0,461.0,687.0,908.0,677.0,668.0,893.0,650.0,898.0,626.0,892.0,896.0,698.0,671.0,687.0,685.0,709.0,671.0,686.0,680.0,705.0,723.0,691.0,693.0,854.0,899.0,593.0,893.0,893.0,687.0,674.0,611.0,693.0,893.0,698.0,892.0,1032.0,674.0,676.0,739.0,751.0,650.0,644.0,641.0,675.0,643.0,747.0,651.0,653.0,897.0,933.0,882.0,862.0,892.0,691.0,737.0,906.0,574.0,801.0,786.0,649.0,444.0,460.0,596.0,677.0,645.0,626.0,567.0,814.0,1241.0
