	Soil11.scaffold_431547323_c1_2	Soil11.scaffold_587233302_c1_1	Soil11.scaffold_65427810_c1_20	Soil11.scaffold_211583530_c1_6	Soil12.scaffold_266712765_c1_2	Soil14.scaffold_576820813_c1_40	Soil14.scaffold_280216268_c1_12	Soil14.scaffold_465502786_c1_2	Soil14.scaffold_596019752_c1_119	Soil15.scaffold_116822102_c1_19	Soil15.scaffold_175810641_c1_3	Soil15.scaffold_16321085_c1_6	Soil15.scaffold_1255266399_c1_142	Soil16.scaffold_436666653_c1_2	Soil16.scaffold_804923086_c1_3	Soil16.scaffold_313969256_c1_10	Soil16.scaffold_1312607544_c1_3	Soil17.scaffold_1045002370_c1_23	Soil17.scaffold_918557319_c1_2	Soil17.scaffold_1202428475_c1_2	Soil17.scaffold_274056314_c1_61	Soil17.scaffold_332687915_c1_2	Soil3.scaffold_414071996_c1_8	Soil3.scaffold_333288240_c1_8	Soil3.scaffold_530221301_c1_2	Soil3.scaffold_408070428_c1_2	Soil3.scaffold_285743490_c1_2	Soil5.scaffold_133269568_c1_66	Soil5.scaffold_215117222_c1_59	Soil5.scaffold_183283646_c1_24	Soil5.scaffold_489407153_c1_201	Soil5.scaffold_87619515_c1_114	Soil5.scaffold_544698016_c1_2	Soil5.scaffold_384418492_c1_161	Soil5.scaffold_395480119_c1_5	Soil5.scaffold_549495455_c1_6	Soil5.scaffold_120605214_c1_7	Soil5.scaffold_416434691_c1_48	Soil5.scaffold_249001418_c1_2	Soil5.scaffold_82918708_c1_12	Soil5.scaffold_559257041_c1_1	Soil5.scaffold_434220697_c1_2	Soil5.scaffold_13272894_c1_8	Soil6.scaffold_86801766_c1_2	Soil6.scaffold_312871021_c1_4	Soil6.scaffold_460055642_c1_2	Soil6.scaffold_95998780_c1_2	Soil9.scaffold_98038919_c1_19	Soil9.scaffold_766455321_c1_2	Soil9.scaffold_816779774_c1_14	Soil9.scaffold_175774837_c1_4	Soil9.scaffold_209032411_c1_3	Soil9.scaffold_711597457_c1_4	T0.scaffold_786865677_c1_2	T0.scaffold_172278247_c1_4	T0.scaffold_961428012_c1_71	T0.scaffold_273218771_c1_2
FS177__C100_L=13996;_13	671.0	697.0	806.0	720.0	731.0	698.0	699.0	914.0	734.0	887.0	728.0	719.0	734.0	880.0	708.0	717.0	823.0	732.0	736.0	722.0	713.0	715.0	826.0	869.0	817.0	722.0	726.0	667.0	716.0	817.0	735.0	744.0	834.0	740.0	915.0	731.0	743.0	721.0	856.0	750.0	837.0	755.0	835.0	829.0	709.0	718.0	833.0	823.0	824.0	720.0	801.0	845.0	668.0	721.0	727.0	675.0	826.0
FS177__C227_L=8378;_4	651.0	690.0	824.0	708.0	725.0	691.0	686.0	854.0	708.0	893.0	714.0	699.0	725.0	853.0	702.0	702.0	841.0	714.0	733.0	716.0	705.0	719.0	870.0	937.0	863.0	703.0	718.0	650.0	713.0	853.0	744.0	720.0	864.0	749.0	877.0	711.0	729.0	714.0	909.0	739.0	870.0	740.0	848.0	864.0	698.0	696.0	848.0	861.0	842.0	704.0	820.0	866.0	656.0	711.0	712.0	659.0	847.0
S243__C14230_L=3895=_1	638.0	646.0	782.0	657.0	683.0	651.0	636.0	947.0	663.0	856.0	684.0	657.0	667.0	865.0	657.0	651.0	789.0	670.0	699.0	671.0	666.0	663.0	788.0	833.0	812.0	668.0	670.0	635.0	664.0	797.0	681.0	689.0	813.0	697.0	952.0	685.0	687.0	672.0	836.0	689.0	805.0	698.0	793.0	800.0	649.0	662.0	795.0	800.0	793.0	674.0	790.0	791.0	640.0	651.0	658.0	644.0	791.0
S244__C20752_L=6357=_4	583.0	592.0	699.0	621.0	634.0	585.0	601.0	814.0	611.0	764.0	622.0	608.0	607.0	763.0	607.0	610.0	701.0	616.0	623.0	616.0	599.0	626.0	720.0	747.0	705.0	614.0	629.0	584.0	616.0	710.0	621.0	612.0	721.0	625.0	863.0	610.0	625.0	616.0	749.0	635.0	721.0	645.0	716.0	708.0	596.0	619.0	709.0	714.0	698.0	613.0	679.0	719.0	582.0	606.0	607.0	583.0	709.0
S244__C14022_L=7807=_2	658.0	697.0	795.0	713.0	719.0	685.0	697.0	956.0	708.0	887.0	716.0	697.0	721.0	881.0	694.0	694.0	820.0	716.0	746.0	709.0	716.0	713.0	833.0	877.0	822.0	707.0	704.0	660.0	711.0	825.0	720.0	729.0	832.0	738.0	990.0	722.0	726.0	712.0	870.0	741.0	836.0	737.0	826.0	834.0	705.0	715.0	837.0	818.0	825.0	711.0	800.0	835.0	659.0	704.0	704.0	661.0	829.0
S244__C3835_L=14983=_4	442.0	449.0	447.0	446.0	442.0	452.0	448.0	449.0	445.0	459.0	442.0	449.0	441.0	447.0	448.0	444.0	439.0	446.0	446.0	447.0	447.0	447.0	445.0	450.0	431.0	450.0	438.0	444.0	450.0	444.0	451.0	445.0	451.0	448.0	448.0	435.0	455.0	447.0	446.0	451.0	452.0	451.0	451.0	450.0	458.0	457.0	445.0	441.0	447.0	444.0	431.0	450.0	444.0	451.0	450.0	446.0	450.0
S285__C2915_L=28090=_15	676.0	870.0	715.0	893.0	874.0	797.0	870.0	709.0	704.0	709.0	732.0	885.0	710.0	684.0	886.0	913.0	699.0	716.0	747.0	910.0	684.0	866.0	737.0	712.0	696.0	889.0	872.0	663.0	879.0	718.0	725.0	741.0	720.0	737.0	719.0	710.0	712.0	886.0	699.0	756.0	722.0	721.0	704.0	708.0	866.0	891.0	713.0	705.0	708.0	720.0	680.0	727.0	671.0	891.0	901.0	677.0	713.0
S285__C4850_L=20397=_7	677.0	867.0	725.0	900.0	886.0	785.0	869.0	704.0	704.0	721.0	733.0	884.0	714.0	687.0	886.0	912.0	698.0	713.0	744.0	905.0	686.0	877.0	732.0	717.0	701.0	891.0	882.0	669.0	876.0	720.0	721.0	740.0	718.0	741.0	716.0	708.0	710.0	890.0	702.0	753.0	726.0	715.0	706.0	714.0	861.0	886.0	715.0	709.0	713.0	725.0	682.0	719.0	673.0	893.0	904.0	681.0	713.0
S285__C1026_L=50631=_11	654.0	979.0	708.0	890.0	868.0	818.0	1038.0	698.0	704.0	719.0	729.0	894.0	708.0	691.0	887.0	877.0	708.0	707.0	745.0	876.0	684.0	864.0	722.0	726.0	706.0	884.0	895.0	650.0	880.0	712.0	709.0	726.0	724.0	745.0	702.0	700.0	705.0	898.0	700.0	737.0	724.0	712.0	711.0	721.0	988.0	894.0	716.0	707.0	716.0	719.0	695.0	716.0	661.0	891.0	888.0	667.0	712.0
S285__C2951_L=27898=_18	675.0	873.0	711.0	922.0	937.0	803.0	868.0	697.0	706.0	710.0	722.0	931.0	693.0	686.0	922.0	980.0	704.0	711.0	751.0	977.0	684.0	928.0	735.0	723.0	705.0	911.0	920.0	672.0	920.0	711.0	703.0	732.0	731.0	730.0	710.0	703.0	692.0	921.0	708.0	741.0	721.0	717.0	702.0	718.0	881.0	911.0	707.0	713.0	705.0	710.0	685.0	717.0	674.0	954.0	975.0	671.0	709.0
S285__C140_L=130936=_21	687.0	895.0	705.0	932.0	970.0	820.0	882.0	703.0	698.0	699.0	732.0	960.0	703.0	694.0	922.0	1058.0	693.0	705.0	739.0	1071.0	690.0	962.0	736.0	721.0	698.0	914.0	932.0	672.0	924.0	708.0	723.0	734.0	721.0	742.0	710.0	722.0	706.0	947.0	694.0	737.0	714.0	713.0	702.0	699.0	896.0	922.0	692.0	704.0	693.0	715.0	682.0	715.0	679.0	970.0	1126.0	690.0	705.0
S285__C27_L=253622=_99	472.0	480.0	482.0	485.0	480.0	485.0	472.0	477.0	458.0	488.0	469.0	486.0	452.0	487.0	478.0	482.0	486.0	459.0	466.0	475.0	459.0	484.0	479.0	487.0	479.0	485.0	484.0	472.0	488.0	487.0	462.0	467.0	474.0	463.0	475.0	468.0	473.0	486.0	480.0	471.0	480.0	469.0	485.0	490.0	481.0	489.0	490.0	483.0	485.0	462.0	470.0	475.0	470.0	476.0	484.0	467.0	485.0
S285__C297_L=94849=_52	682.0	907.0	732.0	923.0	942.0	820.0	885.0	722.0	710.0	715.0	740.0	954.0	710.0	704.0	927.0	961.0	712.0	716.0	753.0	961.0	686.0	932.0	740.0	735.0	716.0	933.0	1015.0	673.0	918.0	725.0	715.0	733.0	740.0	738.0	730.0	711.0	710.0	1084.0	723.0	754.0	738.0	720.0	716.0	722.0	903.0	917.0	717.0	713.0	713.0	725.0	698.0	734.0	676.0	949.0	958.0	684.0	711.0
S285__C9455_L=12507=_6	664.0	990.0	700.0	903.0	891.0	814.0	1052.0	709.0	715.0	716.0	727.0	894.0	728.0	694.0	890.0	886.0	711.0	716.0	751.0	892.0	685.0	876.0	732.0	724.0	704.0	890.0	899.0	664.0	889.0	708.0	715.0	733.0	726.0	747.0	715.0	707.0	721.0	915.0	701.0	746.0	731.0	726.0	713.0	719.0	989.0	898.0	714.0	707.0	715.0	723.0	696.0	706.0	675.0	893.0	883.0	678.0	715.0
S285__C12129_L=10232=_6	666.0	1104.0	702.0	888.0	873.0	796.0	989.0	697.0	703.0	702.0	721.0	893.0	709.0	691.0	886.0	877.0	691.0	714.0	743.0	893.0	690.0	860.0	723.0	718.0	695.0	871.0	895.0	659.0	879.0	701.0	701.0	736.0	710.0	733.0	693.0	695.0	718.0	892.0	695.0	745.0	711.0	717.0	698.0	708.0	1054.0	884.0	705.0	695.0	702.0	714.0	678.0	709.0	664.0	883.0	895.0	676.0	703.0
S285__C709_L=62533=_5	662.0	859.0	711.0	926.0	889.0	805.0	863.0	701.0	706.0	719.0	707.0	895.0	711.0	686.0	932.0	912.0	720.0	718.0	728.0	906.0	694.0	880.0	736.0	730.0	709.0	919.0	903.0	654.0	914.0	725.0	712.0	725.0	736.0	737.0	711.0	705.0	705.0	919.0	727.0	734.0	743.0	715.0	726.0	718.0	854.0	901.0	720.0	712.0	729.0	694.0	700.0	714.0	670.0	917.0	887.0	662.0	730.0
S285__C1175_L=47089=_33	653.0	864.0	701.0	892.0	875.0	794.0	858.0	679.0	688.0	688.0	711.0	883.0	694.0	662.0	895.0	883.0	676.0	701.0	734.0	887.0	689.0	878.0	712.0	704.0	688.0	900.0	877.0	644.0	888.0	698.0	695.0	734.0	709.0	715.0	683.0	707.0	692.0	890.0	691.0	736.0	705.0	697.0	694.0	695.0	862.0	881.0	688.0	699.0	689.0	709.0	662.0	692.0	654.0	877.0	892.0	654.0	687.0
S285__C901_L=54752=_40	668.0	835.0	703.0	879.0	898.0	788.0	823.0	701.0	684.0	702.0	690.0	894.0	690.0	679.0	857.0	903.0	709.0	687.0	705.0	886.0	657.0	892.0	716.0	713.0	694.0	864.0	859.0	656.0	859.0	705.0	697.0	704.0	711.0	714.0	703.0	685.0	688.0	871.0	697.0	709.0	713.0	700.0	716.0	705.0	829.0	859.0	715.0	701.0	706.0	678.0	680.0	704.0	667.0	899.0	883.0	673.0	716.0
S285__C38247_L=3632=_1	630.0	827.0	657.0	945.0	841.0	757.0	823.0	650.0	665.0	647.0	684.0	851.0	660.0	638.0	978.0	861.0	656.0	675.0	678.0	867.0	642.0	840.0	681.0	666.0	663.0	953.0	856.0	620.0	935.0	666.0	677.0	689.0	676.0	694.0	650.0	666.0	668.0	866.0	643.0	695.0	677.0	670.0	664.0	653.0	827.0	970.0	658.0	659.0	650.0	672.0	657.0	667.0	627.0	839.0	853.0	629.0	660.0
S285__C22669_L=5968=_2	664.0	850.0	712.0	901.0	903.0	799.0	852.0	713.0	693.0	713.0	701.0	911.0	690.0	690.0	899.0	927.0	709.0	699.0	737.0	930.0	673.0	907.0	731.0	726.0	706.0	911.0	908.0	657.0	902.0	705.0	688.0	732.0	711.0	722.0	724.0	702.0	703.0	921.0	719.0	740.0	726.0	719.0	703.0	718.0	876.0	914.0	722.0	712.0	711.0	694.0	697.0	718.0	667.0	899.0	927.0	675.0	718.0
S285__C25616_L=5334=_2	653.0	978.0	703.0	885.0	869.0	818.0	1041.0	705.0	707.0	718.0	731.0	890.0	714.0	687.0	887.0	876.0	704.0	708.0	743.0	882.0	684.0	858.0	720.0	722.0	706.0	884.0	895.0	653.0	869.0	710.0	715.0	729.0	723.0	742.0	704.0	706.0	705.0	900.0	696.0	739.0	724.0	716.0	707.0	715.0	984.0	891.0	709.0	707.0	714.0	718.0	690.0	715.0	661.0	886.0	886.0	666.0	704.0
S285__C12236_L=10165=_4	680.0	837.0	710.0	869.0	889.0	784.0	823.0	695.0	681.0	690.0	693.0	887.0	682.0	684.0	857.0	907.0	711.0	687.0	714.0	882.0	649.0	879.0	722.0	716.0	701.0	858.0	870.0	666.0	855.0	715.0	687.0	700.0	708.0	720.0	712.0	681.0	688.0	872.0	698.0	707.0	709.0	699.0	714.0	712.0	833.0	854.0	719.0	711.0	708.0	681.0	691.0	704.0	670.0	880.0	897.0	679.0	714.0
S285__C41489_L=3358=_1	610.0	809.0	635.0	820.0	798.0	697.0	795.0	625.0	645.0	633.0	665.0	792.0	647.0	605.0	821.0	803.0	629.0	648.0	673.0	813.0	631.0	785.0	651.0	661.0	633.0	799.0	796.0	599.0	816.0	643.0	645.0	673.0	646.0	667.0	634.0	634.0	640.0	819.0	636.0	677.0	650.0	648.0	635.0	634.0	798.0	802.0	626.0	630.0	633.0	652.0	623.0	638.0	603.0	786.0	798.0	616.0	641.0
S285__C43883_L=3182=_2	578.0	693.0	596.0	717.0	745.0	652.0	689.0	595.0	588.0	602.0	603.0	734.0	590.0	585.0	707.0	741.0	597.0	599.0	615.0	747.0	572.0	739.0	614.0	615.0	590.0	718.0	723.0	578.0	700.0	601.0	602.0	602.0	598.0	607.0	602.0	593.0	595.0	742.0	593.0	617.0	595.0	600.0	595.0	605.0	701.0	702.0	612.0	605.0	600.0	596.0	578.0	606.0	576.0	749.0	747.0	582.0	611.0
S285__C101_L=151890=_114	660.0	804.0	699.0	821.0	804.0	1057.0	797.0	683.0	702.0	687.0	714.0	823.0	704.0	657.0	819.0	809.0	689.0	704.0	743.0	810.0	691.0	802.0	715.0	692.0	690.0	824.0	813.0	648.0	809.0	689.0	710.0	719.0	710.0	748.0	693.0	706.0	691.0	828.0	668.0	736.0	716.0	699.0	699.0	695.0	810.0	819.0	697.0	692.0	692.0	701.0	671.0	708.0	661.0	812.0	802.0	668.0	695.0
S285__C1220_L=46161=_31	644.0	674.0	775.0	696.0	707.0	691.0	683.0	861.0	711.0	837.0	717.0	697.0	708.0	841.0	685.0	690.0	782.0	708.0	718.0	691.0	702.0	696.0	782.0	815.0	784.0	695.0	680.0	641.0	689.0	779.0	702.0	709.0	784.0	723.0	890.0	702.0	711.0	687.0	806.0	727.0	783.0	719.0	783.0	786.0	677.0	698.0	795.0	800.0	777.0	714.0	762.0	780.0	639.0	695.0	687.0	650.0	788.0
S285__C3581_L=24847=_5	663.0	986.0	700.0	904.0	882.0	824.0	1053.0	710.0	714.0	719.0	732.0	891.0	720.0	693.0	890.0	889.0	709.0	717.0	758.0	885.0	692.0	871.0	730.0	721.0	705.0	890.0	893.0	668.0	885.0	702.0	720.0	737.0	725.0	755.0	713.0	710.0	722.0	911.0	704.0	747.0	730.0	726.0	709.0	719.0	982.0	897.0	715.0	707.0	718.0	732.0	694.0	708.0	674.0	881.0	890.0	677.0	709.0
S285__C1_L=650655=_455	672.0	881.0	690.0	902.0	883.0	781.0	866.0	690.0	710.0	688.0	719.0	867.0	715.0	673.0	904.0	890.0	680.0	717.0	741.0	898.0	705.0	868.0	716.0	705.0	675.0	895.0	887.0	657.0	891.0	693.0	717.0	734.0	700.0	721.0	693.0	701.0	707.0	898.0	694.0	733.0	711.0	718.0	691.0	697.0	877.0	888.0	675.0	694.0	690.0	711.0	664.0	704.0	665.0	878.0	894.0	671.0	693.0
S285__C577_L=68402=_35	678.0	865.0	702.0	902.0	923.0	803.0	858.0	701.0	702.0	711.0	706.0	920.0	686.0	690.0	904.0	973.0	713.0	702.0	746.0	970.0	682.0	926.0	732.0	716.0	702.0	908.0	920.0	671.0	900.0	708.0	696.0	740.0	727.0	729.0	709.0	707.0	692.0	913.0	727.0	737.0	719.0	710.0	712.0	712.0	870.0	912.0	703.0	713.0	705.0	697.0	685.0	710.0	676.0	931.0	960.0	677.0	708.0
S285__C10207_L=11748=_9	874.0	677.0	684.0	678.0	669.0	672.0	671.0	679.0	675.0	659.0	668.0	679.0	679.0	648.0	674.0	684.0	665.0	680.0	698.0	686.0	682.0	681.0	690.0	671.0	667.0	671.0	675.0	865.0	670.0	667.0	669.0	677.0	694.0	692.0	668.0	659.0	689.0	681.0	664.0	682.0	687.0	692.0	670.0	680.0	682.0	667.0	671.0	678.0	672.0	668.0	652.0	689.0	886.0	674.0	683.0	878.0	684.0
S285__C20267_L=6616=_1	556.0	747.0	603.0	769.0	752.0	677.0	741.0	594.0	578.0	589.0	606.0	780.0	592.0	575.0	756.0	766.0	599.0	589.0	615.0	771.0	565.0	756.0	610.0	609.0	599.0	758.0	775.0	547.0	771.0	599.0	598.0	611.0	611.0	618.0	593.0	602.0	594.0	791.0	581.0	624.0	613.0	588.0	598.0	594.0	742.0	764.0	600.0	601.0	603.0	597.0	593.0	600.0	551.0	773.0	769.0	562.0	600.0
S305__C115_L=12654=_3	710.0	665.0	683.0	673.0	670.0	672.0	680.0	674.0	669.0	677.0	683.0	674.0	676.0	661.0	669.0	664.0	682.0	675.0	694.0	676.0	671.0	677.0	685.0	678.0	674.0	666.0	667.0	705.0	668.0	668.0	671.0	684.0	678.0	713.0	679.0	681.0	678.0	674.0	659.0	713.0	689.0	682.0	682.0	686.0	669.0	667.0	689.0	677.0	678.0	677.0	679.0	687.0	713.0	684.0	677.0	711.0	686.0
S305__C75_L=14806=_16	643.0	611.0	616.0	617.0	615.0	611.0	615.0	602.0	618.0	604.0	623.0	624.0	612.0	585.0	630.0	630.0	609.0	618.0	633.0	618.0	615.0	607.0	616.0	613.0	600.0	622.0	608.0	637.0	620.0	590.0	611.0	623.0	607.0	635.0	600.0	612.0	613.0	617.0	590.0	633.0	616.0	617.0	616.0	610.0	619.0	618.0	605.0	610.0	610.0	612.0	600.0	627.0	650.0	631.0	613.0	640.0	612.0
S306__C20376_L=4948=_3	583.0	614.0	643.0	639.0	636.0	621.0	605.0	631.0	633.0	647.0	618.0	616.0	621.0	625.0	626.0	633.0	639.0	637.0	626.0	626.0	619.0	621.0	651.0	653.0	634.0	635.0	635.0	577.0	627.0	637.0	637.0	629.0	639.0	647.0	643.0	630.0	637.0	628.0	631.0	651.0	649.0	645.0	650.0	642.0	617.0	638.0	643.0	625.0	633.0	615.0	615.0	641.0	575.0	614.0	631.0	587.0	649.0
S306__C635_L=38745=_23	728.0	659.0	669.0	676.0	672.0	677.0	679.0	662.0	668.0	665.0	671.0	675.0	661.0	648.0	675.0	673.0	672.0	671.0	690.0	671.0	660.0	672.0	690.0	669.0	669.0	677.0	662.0	724.0	673.0	667.0	666.0	680.0	676.0	699.0	671.0	664.0	678.0	663.0	653.0	696.0	674.0	686.0	683.0	679.0	657.0	676.0	667.0	675.0	669.0	668.0	659.0	689.0	725.0	678.0	672.0	731.0	678.0
S306__C4576_L=12404=_7	511.0	519.0	520.0	525.0	530.0	524.0	519.0	519.0	514.0	531.0	512.0	525.0	506.0	520.0	524.0	530.0	525.0	516.0	513.0	525.0	518.0	532.0	528.0	525.0	520.0	523.0	525.0	510.0	528.0	527.0	520.0	516.0	533.0	513.0	516.0	512.0	517.0	526.0	523.0	515.0	532.0	514.0	523.0	528.0	525.0	530.0	525.0	524.0	522.0	515.0	517.0	528.0	517.0	524.0	531.0	514.0	528.0
S306__C1392_L=25270=_20	707.0	662.0	677.0	666.0	664.0	659.0	659.0	669.0	656.0	666.0	665.0	663.0	656.0	643.0	650.0	665.0	667.0	657.0	693.0	675.0	655.0	663.0	688.0	674.0	675.0	665.0	670.0	699.0	660.0	669.0	664.0	676.0	685.0	676.0	673.0	659.0	663.0	667.0	666.0	692.0	677.0	664.0	685.0	681.0	657.0	662.0	678.0	664.0	668.0	660.0	666.0	690.0	697.0	662.0	665.0	708.0	676.0
S306__C635_L=38745=_29	611.0	563.0	571.0	571.0	568.0	580.0	562.0	562.0	541.0	561.0	561.0	566.0	544.0	551.0	570.0	570.0	563.0	550.0	563.0	580.0	547.0	569.0	567.0	559.0	570.0	574.0	564.0	615.0	561.0	566.0	549.0	566.0	571.0	571.0	565.0	546.0	551.0	571.0	549.0	575.0	577.0	563.0	573.0	574.0	558.0	573.0	578.0	567.0	564.0	557.0	573.0	563.0	618.0	555.0	572.0	619.0	565.0
S306__C1798_L=21604=_11	716.0	668.0	663.0	670.0	662.0	664.0	673.0	666.0	680.0	661.0	675.0	667.0	679.0	638.0	661.0	668.0	658.0	681.0	675.0	674.0	673.0	667.0	688.0	677.0	669.0	665.0	659.0	715.0	663.0	664.0	675.0	674.0	676.0	688.0	668.0	659.0	673.0	666.0	663.0	676.0	690.0	687.0	670.0	673.0	663.0	664.0	669.0	657.0	664.0	671.0	660.0	682.0	703.0	664.0	672.0	719.0	667.0
S306__C2062_L=19853=_7	668.0	876.0	728.0	895.0	893.0	798.0	856.0	713.0	696.0	707.0	721.0	911.0	689.0	705.0	906.0	914.0	717.0	710.0	739.0	912.0	680.0	887.0	736.0	729.0	721.0	911.0	983.0	657.0	892.0	726.0	706.0	722.0	729.0	735.0	724.0	706.0	695.0	1039.0	725.0	750.0	741.0	703.0	723.0	724.0	885.0	919.0	730.0	725.0	720.0	715.0	691.0	722.0	673.0	904.0	910.0	668.0	723.0
SE162__C5590_L=3017=_1	569.0	590.0	685.0	613.0	611.0	595.0	594.0	737.0	618.0	727.0	616.0	606.0	628.0	727.0	603.0	610.0	697.0	623.0	634.0	605.0	602.0	612.0	706.0	724.0	707.0	611.0	614.0	563.0	606.0	694.0	625.0	616.0	708.0	628.0	761.0	612.0	632.0	616.0	723.0	634.0	715.0	647.0	698.0	696.0	602.0	602.0	700.0	698.0	694.0	611.0	688.0	709.0	571.0	608.0	611.0	567.0	695.0
SE188__C84_L=116902=_22	659.0	694.0	785.0	705.0	715.0	681.0	679.0	955.0	702.0	876.0	726.0	700.0	705.0	881.0	694.0	698.0	816.0	704.0	734.0	709.0	709.0	714.0	818.0	873.0	815.0	694.0	698.0	662.0	708.0	817.0	711.0	736.0	814.0	729.0	994.0	726.0	717.0	708.0	855.0	741.0	822.0	731.0	823.0	825.0	693.0	703.0	821.0	823.0	810.0	723.0	796.0	811.0	659.0	703.0	704.0	659.0	827.0
SE18__C2188_L=6566=_4	653.0	694.0	740.0	703.0	710.0	682.0	690.0	834.0	694.0	815.0	712.0	707.0	713.0	811.0	687.0	694.0	762.0	708.0	712.0	700.0	706.0	690.0	785.0	799.0	765.0	698.0	699.0	640.0	698.0	763.0	710.0	703.0	780.0	709.0	852.0	712.0	706.0	689.0	794.0	708.0	779.0	718.0	756.0	761.0	688.0	690.0	761.0	765.0	760.0	701.0	733.0	761.0	648.0	699.0	691.0	654.0	760.0
SE18__C2026_L=6906=_4	668.0	687.0	792.0	711.0	720.0	686.0	688.0	935.0	717.0	885.0	713.0	695.0	724.0	876.0	690.0	703.0	820.0	717.0	742.0	710.0	713.0	712.0	840.0	876.0	811.0	705.0	715.0	669.0	705.0	826.0	713.0	722.0	828.0	727.0	999.0	713.0	722.0	709.0	857.0	723.0	838.0	738.0	826.0	829.0	691.0	704.0	828.0	812.0	821.0	715.0	794.0	832.0	663.0	716.0	705.0	672.0	823.0
SE18__C1696_L=7763=_7	594.0	598.0	881.0	625.0	628.0	608.0	597.0	710.0	627.0	705.0	618.0	613.0	628.0	689.0	614.0	616.0	738.0	628.0	637.0	628.0	603.0	624.0	727.0	715.0	739.0	617.0	626.0	591.0	618.0	730.0	642.0	628.0	739.0	626.0	710.0	618.0	634.0	633.0	708.0	645.0	742.0	641.0	751.0	738.0	607.0	628.0	734.0	739.0	731.0	612.0	709.0	724.0	590.0	614.0	619.0	593.0	741.0
SE18__C417_L=20896=_16	661.0	702.0	788.0	714.0	715.0	696.0	687.0	944.0	726.0	877.0	723.0	699.0	734.0	870.0	697.0	700.0	813.0	730.0	751.0	711.0	713.0	712.0	838.0	872.0	819.0	706.0	701.0	660.0	712.0	822.0	725.0	735.0	824.0	735.0	990.0	718.0	733.0	707.0	856.0	739.0	826.0	749.0	822.0	827.0	694.0	702.0	825.0	818.0	820.0	720.0	799.0	833.0	658.0	704.0	703.0	664.0	823.0
SE196__C36_L=80375=_55	454.0	469.0	474.0	470.0	477.0	472.0	473.0	473.0	459.0	484.0	463.0	464.0	468.0	482.0	465.0	473.0	471.0	463.0	459.0	468.0	461.0	476.0	472.0	477.0	464.0	478.0	468.0	463.0	477.0	472.0	459.0	461.0	482.0	468.0	472.0	448.0	466.0	470.0	481.0	465.0	482.0	483.0	485.0	477.0	470.0	470.0	482.0	479.0	467.0	462.0	454.0	467.0	454.0	466.0	470.0	462.0	475.0
SE203__C5165_L=6424=_1	638.0	653.0	773.0	670.0	686.0	652.0	655.0	1016.0	658.0	833.0	687.0	671.0	666.0	858.0	665.0	669.0	788.0	666.0	704.0	677.0	670.0	680.0	798.0	835.0	787.0	677.0	668.0	642.0	678.0	777.0	674.0	698.0	810.0	691.0	931.0	684.0	676.0	683.0	830.0	701.0	806.0	702.0	793.0	802.0	666.0	672.0	785.0	794.0	781.0	676.0	770.0	807.0	636.0	669.0	675.0	640.0	790.0
SE207__C69_L=31576=_23	720.0	669.0	710.0	695.0	685.0	664.0	663.0	687.0	648.0	698.0	656.0	677.0	660.0	692.0	676.0	684.0	698.0	656.0	670.0	689.0	639.0	675.0	700.0	697.0	697.0	692.0	693.0	717.0	686.0	699.0	667.0	649.0	696.0	673.0	696.0	643.0	658.0	683.0	694.0	675.0	707.0	676.0	706.0	710.0	657.0	687.0	708.0	704.0	704.0	653.0	682.0	700.0	703.0	686.0	681.0	725.0	708.0
SE208__C9_L=176791=_125	673.0	886.0	714.0	1188.0	919.0	817.0	879.0	702.0	712.0	714.0	731.0	919.0	710.0	698.0	1069.0	927.0	714.0	718.0	739.0	927.0	695.0	908.0	741.0	733.0	704.0	1030.0	920.0	669.0	1049.0	718.0	714.0	747.0	735.0	756.0	720.0	710.0	716.0	925.0	707.0	755.0	737.0	722.0	720.0	717.0	897.0	1021.0	711.0	716.0	718.0	722.0	698.0	721.0	667.0	913.0	927.0	670.0	717.0
SE208__C196_L=22472=_20	656.0	683.0	800.0	703.0	708.0	679.0	678.0	900.0	686.0	862.0	717.0	703.0	699.0	877.0	697.0	696.0	814.0	697.0	725.0	702.0	700.0	708.0	806.0	850.0	812.0	710.0	715.0	656.0	714.0	808.0	703.0	714.0	822.0	720.0	915.0	706.0	705.0	712.0	850.0	719.0	822.0	718.0	817.0	824.0	689.0	719.0	819.0	821.0	808.0	703.0	785.0	808.0	654.0	701.0	700.0	661.0	819.0
SE208__C3224_L=6146=_2	455.0	468.0	446.0	468.0	458.0	470.0	469.0	463.0	465.0	469.0	466.0	464.0	468.0	460.0	460.0	462.0	455.0	464.0	471.0	461.0	461.0	470.0	455.0	465.0	447.0	468.0	458.0	454.0	461.0	465.0	460.0	452.0	461.0	459.0	451.0	454.0	468.0	460.0	462.0	467.0	460.0	467.0	467.0	465.0	466.0	459.0	458.0	458.0	459.0	461.0	446.0	462.0	458.0	466.0	465.0	453.0	462.0
SE20__C2856_L=11017=_2	652.0	687.0	768.0	717.0	707.0	681.0	689.0	880.0	699.0	856.0	718.0	709.0	707.0	849.0	703.0	704.0	792.0	704.0	728.0	706.0	696.0	706.0	814.0	846.0	796.0	711.0	699.0	647.0	709.0	797.0	710.0	719.0	814.0	719.0	912.0	708.0	716.0	711.0	832.0	723.0	815.0	717.0	789.0	791.0	690.0	706.0	795.0	800.0	790.0	707.0	777.0	809.0	656.0	701.0	703.0	649.0	795.0
SE210__C2337_L=9713=_2	683.0	895.0	713.0	926.0	968.0	813.0	879.0	710.0	705.0	703.0	729.0	952.0	706.0	695.0	916.0	1069.0	701.0	711.0	738.0	1064.0	693.0	960.0	745.0	725.0	702.0	921.0	928.0	675.0	921.0	715.0	728.0	746.0	725.0	738.0	710.0	728.0	712.0	944.0	698.0	746.0	717.0	724.0	710.0	704.0	893.0	914.0	701.0	715.0	705.0	718.0	680.0	720.0	682.0	970.0	1135.0	687.0	705.0
SE212__C373_L=25448=_9	886.0	670.0	686.0	685.0	674.0	669.0	673.0	689.0	672.0	672.0	668.0	683.0	683.0	654.0	675.0	688.0	677.0	673.0	681.0	697.0	670.0	682.0	689.0	676.0	676.0	677.0	679.0	868.0	682.0	675.0	674.0	684.0	693.0	688.0	674.0	663.0	691.0	682.0	670.0	683.0	692.0	692.0	681.0	688.0	669.0	681.0	673.0	679.0	680.0	665.0	659.0	696.0	887.0	688.0	689.0	877.0	692.0
SE212__C1372_L=10789=_2	651.0	663.0	786.0	693.0	702.0	665.0	670.0	930.0	686.0	856.0	699.0	676.0	682.0	868.0	679.0	681.0	792.0	693.0	716.0	687.0	679.0	691.0	812.0	853.0	810.0	686.0	678.0	648.0	682.0	797.0	703.0	704.0	809.0	719.0	970.0	700.0	702.0	688.0	838.0	725.0	808.0	708.0	796.0	799.0	670.0	695.0	797.0	797.0	788.0	705.0	792.0	815.0	647.0	686.0	694.0	646.0	795.0
SE21__C47_L=127688=_48	668.0	877.0	710.0	1069.0	904.0	808.0	880.0	704.0	710.0	703.0	733.0	918.0	707.0	681.0	1176.0	927.0	708.0	717.0	736.0	909.0	698.0	893.0	740.0	730.0	703.0	1035.0	918.0	662.0	1044.0	708.0	712.0	747.0	736.0	746.0	719.0	716.0	709.0	926.0	703.0	745.0	733.0	729.0	720.0	720.0	888.0	1029.0	715.0	713.0	716.0	717.0	693.0	721.0	676.0	920.0	916.0	677.0	723.0
SE21__C491_L=24120=_17	679.0	653.0	652.0	652.0	650.0	651.0	661.0	624.0	649.0	622.0	654.0	640.0	652.0	606.0	648.0	662.0	630.0	648.0	651.0	652.0	648.0	651.0	657.0	628.0	631.0	643.0	636.0	680.0	654.0	635.0	657.0	645.0	646.0	654.0	630.0	646.0	639.0	656.0	606.0	653.0	637.0	657.0	635.0	638.0	648.0	649.0	637.0	635.0	645.0	650.0	629.0	648.0	675.0	649.0	655.0	687.0	640.0
SE21__C3305_L=6636=_3	667.0	887.0	708.0	1067.0	913.0	815.0	899.0	709.0	722.0	713.0	734.0	917.0	717.0	684.0	1110.0	935.0	712.0	726.0	734.0	932.0	698.0	900.0	739.0	740.0	704.0	1039.0	909.0	665.0	1089.0	710.0	719.0	748.0	725.0	756.0	715.0	719.0	714.0	906.0	699.0	743.0	733.0	719.0	711.0	714.0	894.0	1032.0	707.0	712.0	714.0	723.0	688.0	718.0	667.0	927.0	924.0	674.0	712.0
SE21__C4434_L=5442=_1	607.0	621.0	725.0	651.0	648.0	628.0	634.0	842.0	658.0	796.0	654.0	636.0	653.0	787.0	634.0	637.0	753.0	659.0	681.0	646.0	647.0	639.0	764.0	806.0	742.0	643.0	644.0	614.0	647.0	759.0	648.0	664.0	763.0	666.0	905.0	662.0	660.0	652.0	778.0	671.0	758.0	679.0	756.0	763.0	629.0	647.0	755.0	745.0	753.0	652.0	719.0	757.0	605.0	648.0	646.0	610.0	756.0
SE21__C490_L=24135=_13	668.0	1158.0	696.0	887.0	877.0	808.0	1013.0	685.0	712.0	690.0	725.0	904.0	721.0	674.0	884.0	883.0	688.0	711.0	742.0	891.0	698.0	877.0	721.0	711.0	699.0	880.0	895.0	654.0	885.0	708.0	716.0	730.0	714.0	744.0	689.0	693.0	711.0	910.0	692.0	745.0	715.0	710.0	701.0	705.0	1090.0	874.0	701.0	697.0	702.0	719.0	677.0	706.0	662.0	891.0	892.0	672.0	699.0
SE21__C771_L=17455=_6	670.0	882.0	718.0	1075.0	922.0	824.0	873.0	709.0	712.0	709.0	729.0	911.0	720.0	692.0	1057.0	934.0	718.0	724.0	734.0	920.0	693.0	911.0	747.0	732.0	713.0	1027.0	915.0	665.0	1053.0	721.0	722.0	745.0	734.0	759.0	717.0	720.0	719.0	923.0	702.0	752.0	730.0	725.0	725.0	720.0	883.0	1019.0	720.0	724.0	721.0	719.0	702.0	730.0	674.0	924.0	921.0	675.0	731.0
SE27__C649_L=22882=_16	661.0	702.0	788.0	714.0	715.0	696.0	687.0	944.0	726.0	877.0	723.0	699.0	734.0	870.0	697.0	700.0	813.0	730.0	751.0	711.0	713.0	712.0	838.0	872.0	819.0	706.0	701.0	660.0	712.0	822.0	725.0	735.0	824.0	735.0	990.0	718.0	733.0	707.0	856.0	739.0	826.0	749.0	822.0	827.0	694.0	702.0	825.0	818.0	820.0	720.0	799.0	833.0	658.0	704.0	703.0	664.0	823.0
SE27__C1151_L=15512=_6	731.0	671.0	685.0	686.0	669.0	672.0	658.0	676.0	657.0	682.0	668.0	674.0	663.0	671.0	682.0	683.0	670.0	662.0	679.0	690.0	655.0	677.0	689.0	682.0	679.0	673.0	675.0	720.0	688.0	685.0	671.0	667.0	691.0	670.0	679.0	642.0	658.0	686.0	682.0	676.0	700.0	668.0	693.0	688.0	673.0	680.0	685.0	685.0	681.0	670.0	667.0	684.0	717.0	684.0	681.0	723.0	690.0
SE30__C1044_L=25210=_7	670.0	680.0	803.0	702.0	724.0	689.0	687.0	952.0	710.0	888.0	714.0	695.0	715.0	877.0	689.0	708.0	830.0	714.0	742.0	710.0	713.0	711.0	841.0	880.0	818.0	703.0	709.0	674.0	702.0	830.0	709.0	726.0	828.0	725.0	1011.0	721.0	715.0	707.0	858.0	736.0	831.0	736.0	833.0	840.0	687.0	703.0	837.0	818.0	826.0	715.0	797.0	828.0	674.0	714.0	703.0	679.0	828.0
SE30__C870_L=27871=_24	653.0	689.0	776.0	704.0	722.0	685.0	679.0	852.0	703.0	827.0	723.0	704.0	715.0	836.0	692.0	703.0	776.0	705.0	724.0	712.0	697.0	705.0	790.0	812.0	770.0	706.0	698.0	645.0	711.0	783.0	708.0	705.0	779.0	722.0	879.0	711.0	706.0	698.0	817.0	711.0	785.0	720.0	783.0	784.0	691.0	705.0	778.0	768.0	765.0	710.0	753.0	780.0	649.0	705.0	708.0	648.0	769.0
SE30__C5082_L=9611=_7	686.0	705.0	868.0	725.0	718.0	709.0	707.0	825.0	742.0	865.0	746.0	713.0	742.0	839.0	708.0	715.0	937.0	747.0	754.0	729.0	727.0	715.0	932.0	888.0	941.0	723.0	721.0	681.0	728.0	955.0	744.0	740.0	994.0	764.0	848.0	735.0	752.0	730.0	881.0	764.0	990.0	763.0	932.0	936.0	710.0	710.0	936.0	934.0	943.0	739.0	901.0	935.0	685.0	714.0	723.0	684.0	934.0
SE30__C546_L=35587=_6	731.0	671.0	685.0	686.0	669.0	672.0	658.0	676.0	657.0	682.0	668.0	674.0	663.0	671.0	682.0	683.0	670.0	662.0	679.0	690.0	655.0	677.0	689.0	682.0	679.0	673.0	675.0	720.0	688.0	685.0	671.0	667.0	691.0	670.0	679.0	642.0	658.0	686.0	682.0	676.0	700.0	668.0	693.0	688.0	673.0	680.0	685.0	685.0	681.0	670.0	667.0	684.0	717.0	684.0	681.0	723.0	690.0
SE49__C466_L=13455=_8	669.0	680.0	801.0	701.0	723.0	688.0	687.0	950.0	710.0	889.0	713.0	696.0	715.0	875.0	688.0	707.0	830.0	713.0	741.0	710.0	713.0	712.0	839.0	879.0	816.0	702.0	708.0	674.0	701.0	828.0	709.0	725.0	828.0	725.0	1009.0	722.0	714.0	707.0	856.0	735.0	831.0	735.0	831.0	839.0	687.0	702.0	835.0	818.0	824.0	714.0	795.0	826.0	673.0	715.0	703.0	679.0	826.0
SE49__C362_L=14917=_6	650.0	678.0	786.0	697.0	708.0	671.0	680.0	927.0	715.0	869.0	714.0	691.0	716.0	889.0	683.0	688.0	806.0	723.0	720.0	688.0	698.0	696.0	816.0	877.0	813.0	700.0	696.0	649.0	701.0	814.0	712.0	713.0	827.0	720.0	926.0	695.0	719.0	701.0	869.0	725.0	829.0	726.0	802.0	821.0	692.0	694.0	820.0	805.0	815.0	709.0	783.0	816.0	652.0	697.0	684.0	649.0	808.0
SE4__C509_L=9289=_2	652.0	696.0	822.0	717.0	724.0	692.0	690.0	869.0	732.0	895.0	717.0	707.0	745.0	846.0	705.0	702.0	852.0	737.0	744.0	710.0	712.0	718.0	869.0	924.0	858.0	724.0	711.0	646.0	713.0	861.0	747.0	735.0	877.0	737.0	877.0	716.0	743.0	718.0	1039.0	745.0	888.0	749.0	864.0	872.0	696.0	713.0	856.0	858.0	855.0	712.0	830.0	874.0	648.0	709.0	707.0	658.0	849.0
SE52__C1814_L=6530=_2	678.0	718.0	877.0	738.0	738.0	726.0	719.0	823.0	736.0	824.0	742.0	728.0	750.0	793.0	729.0	722.0	846.0	749.0	763.0	739.0	728.0	745.0	861.0	847.0	848.0	735.0	735.0	663.0	734.0	831.0	762.0	747.0	858.0	761.0	814.0	734.0	747.0	737.0	840.0	778.0	859.0	752.0	845.0	850.0	734.0	734.0	850.0	853.0	834.0	740.0	833.0	852.0	669.0	723.0	734.0	680.0	851.0
SE52__C839_L=10946=_8	655.0	694.0	781.0	717.0	716.0	678.0	696.0	895.0	708.0	854.0	720.0	702.0	709.0	866.0	705.0	700.0	819.0	714.0	728.0	711.0	713.0	713.0	820.0	851.0	810.0	717.0	702.0	651.0	715.0	815.0	718.0	728.0	827.0	717.0	916.0	717.0	714.0	710.0	844.0	732.0	824.0	728.0	811.0	816.0	688.0	712.0	814.0	807.0	814.0	712.0	792.0	821.0	660.0	698.0	700.0	655.0	810.0
SE55__C1114_L=6644=_1	665.0	688.0	797.0	713.0	720.0	693.0	689.0	954.0	721.0	886.0	721.0	699.0	716.0	880.0	701.0	704.0	823.0	723.0	745.0	710.0	715.0	704.0	837.0	883.0	819.0	705.0	713.0	675.0	709.0	834.0	714.0	731.0	839.0	732.0	1015.0	726.0	726.0	708.0	859.0	733.0	841.0	748.0	835.0	835.0	690.0	701.0	834.0	823.0	830.0	722.0	801.0	840.0	668.0	717.0	707.0	675.0	832.0
SE56__C45_L=27205=_25	637.0	836.0	675.0	1025.0	860.0	786.0	824.0	667.0	680.0	675.0	696.0	862.0	685.0	659.0	1042.0	876.0	685.0	689.0	706.0	871.0	661.0	850.0	715.0	696.0	670.0	979.0	863.0	633.0	986.0	681.0	678.0	702.0	700.0	710.0	686.0	681.0	674.0	868.0	669.0	710.0	698.0	685.0	692.0	690.0	842.0	966.0	687.0	682.0	686.0	681.0	662.0	684.0	635.0	875.0	878.0	645.0	692.0
SE68__C967_L=6807=_2	673.0	1116.0	699.0	885.0	872.0	817.0	1007.0	691.0	720.0	703.0	733.0	903.0	725.0	685.0	896.0	871.0	695.0	723.0	750.0	878.0	696.0	872.0	722.0	715.0	705.0	880.0	895.0	663.0	876.0	711.0	717.0	736.0	715.0	745.0	699.0	711.0	724.0	892.0	701.0	747.0	716.0	727.0	705.0	710.0	1077.0	883.0	708.0	706.0	705.0	723.0	686.0	714.0	662.0	892.0	889.0	675.0	701.0
SE70__C729_L=7390=_1	580.0	588.0	683.0	616.0	618.0	588.0	595.0	785.0	616.0	746.0	611.0	597.0	617.0	729.0	598.0	604.0	702.0	618.0	643.0	609.0	604.0	610.0	713.0	756.0	691.0	605.0	615.0	587.0	606.0	713.0	613.0	619.0	710.0	622.0	845.0	612.0	623.0	612.0	728.0	634.0	712.0	643.0	705.0	709.0	597.0	606.0	703.0	692.0	698.0	615.0	670.0	709.0	579.0	609.0	611.0	579.0	706.0
SE70__C81_L=86492=_61	668.0	877.0	710.0	1069.0	904.0	808.0	880.0	704.0	710.0	703.0	733.0	918.0	707.0	681.0	1176.0	927.0	708.0	717.0	736.0	909.0	698.0	893.0	740.0	730.0	703.0	1035.0	918.0	662.0	1044.0	708.0	712.0	747.0	736.0	746.0	719.0	716.0	709.0	926.0	703.0	745.0	733.0	729.0	720.0	720.0	888.0	1029.0	715.0	713.0	716.0	717.0	693.0	721.0	676.0	920.0	916.0	677.0	723.0
SE72__C24_L=127688=_48	668.0	877.0	710.0	1069.0	904.0	808.0	880.0	704.0	710.0	703.0	733.0	918.0	707.0	681.0	1176.0	927.0	708.0	717.0	736.0	909.0	698.0	893.0	740.0	730.0	703.0	1035.0	918.0	662.0	1044.0	708.0	712.0	747.0	736.0	746.0	719.0	716.0	709.0	926.0	703.0	745.0	733.0	729.0	720.0	720.0	888.0	1029.0	715.0	713.0	716.0	717.0	693.0	721.0	676.0	920.0	916.0	677.0	723.0
SE75__C577_L=13247=_12	652.0	687.0	768.0	717.0	707.0	681.0	689.0	880.0	699.0	856.0	718.0	709.0	707.0	849.0	703.0	704.0	792.0	704.0	728.0	706.0	696.0	706.0	814.0	846.0	796.0	711.0	699.0	647.0	709.0	797.0	710.0	719.0	814.0	719.0	912.0	708.0	716.0	711.0	832.0	723.0	815.0	717.0	789.0	791.0	690.0	706.0	795.0	800.0	790.0	707.0	777.0	809.0	656.0	701.0	703.0	649.0	795.0
SE75__C709_L=11325=_9	742.0	682.0	673.0	689.0	677.0	666.0	690.0	659.0	688.0	661.0	664.0	670.0	678.0	641.0	685.0	690.0	661.0	683.0	684.0	694.0	674.0	676.0	687.0	672.0	673.0	684.0	676.0	735.0	682.0	661.0	679.0	679.0	677.0	685.0	663.0	665.0	674.0	678.0	655.0	687.0	677.0	690.0	672.0	677.0	670.0	678.0	670.0	665.0	663.0	663.0	651.0	687.0	724.0	690.0	694.0	740.0	672.0
SE8__C2691_L=6007=_1	593.0	608.0	664.0	631.0	632.0	604.0	614.0	731.0	625.0	721.0	634.0	631.0	636.0	716.0	621.0	618.0	681.0	629.0	638.0	631.0	632.0	620.0	709.0	712.0	688.0	629.0	626.0	580.0	629.0	683.0	634.0	624.0	694.0	631.0	744.0	641.0	636.0	613.0	701.0	640.0	690.0	643.0	682.0	683.0	608.0	622.0	686.0	687.0	683.0	638.0	674.0	684.0	593.0	626.0	613.0	594.0	686.0
SE8__C1631_L=8337=_1	652.0	691.0	811.0	707.0	708.0	679.0	684.0	850.0	716.0	888.0	697.0	690.0	727.0	827.0	689.0	693.0	837.0	727.0	735.0	704.0	706.0	711.0	858.0	902.0	837.0	703.0	698.0	638.0	697.0	843.0	731.0	722.0	858.0	731.0	864.0	708.0	733.0	704.0	1013.0	732.0	867.0	735.0	846.0	851.0	692.0	697.0	837.0	843.0	840.0	695.0	807.0	846.0	635.0	695.0	697.0	650.0	831.0
SE8__C2956_L=5631=_2	668.0	877.0	710.0	1069.0	904.0	808.0	880.0	704.0	710.0	703.0	733.0	918.0	707.0	681.0	1176.0	927.0	708.0	717.0	736.0	909.0	698.0	893.0	740.0	730.0	703.0	1035.0	918.0	662.0	1044.0	708.0	712.0	747.0	736.0	746.0	719.0	716.0	709.0	926.0	703.0	745.0	733.0	729.0	720.0	720.0	888.0	1029.0	715.0	713.0	716.0	717.0	693.0	721.0	676.0	920.0	916.0	677.0	723.0
SE8__C2283_L=6714=_3	661.0	702.0	788.0	714.0	715.0	696.0	687.0	944.0	726.0	877.0	723.0	699.0	734.0	870.0	697.0	700.0	813.0	730.0	751.0	711.0	713.0	712.0	838.0	872.0	819.0	706.0	701.0	660.0	712.0	822.0	725.0	735.0	824.0	735.0	990.0	718.0	733.0	707.0	856.0	739.0	826.0	749.0	822.0	827.0	694.0	702.0	825.0	818.0	820.0	720.0	799.0	833.0	658.0	704.0	703.0	664.0	823.0
SE99__C673_L=14022=_11	667.0	878.0	712.0	1087.0	918.0	816.0	870.0	713.0	713.0	708.0	725.0	905.0	714.0	696.0	1085.0	928.0	718.0	716.0	731.0	919.0	694.0	904.0	748.0	735.0	711.0	1034.0	910.0	667.0	1041.0	719.0	711.0	738.0	731.0	742.0	723.0	716.0	715.0	919.0	709.0	743.0	732.0	721.0	723.0	724.0	881.0	1019.0	722.0	721.0	722.0	713.0	692.0	720.0	665.0	917.0	926.0	670.0	726.0
SH__C13_L=557443;_316	666.0	883.0	688.0	883.0	878.0	778.0	871.0	694.0	707.0	701.0	712.0	878.0	723.0	672.0	876.0	894.0	677.0	719.0	725.0	894.0	700.0	873.0	715.0	702.0	680.0	889.0	889.0	662.0	879.0	690.0	718.0	736.0	704.0	724.0	692.0	703.0	709.0	898.0	689.0	733.0	708.0	731.0	682.0	686.0	885.0	892.0	683.0	684.0	689.0	710.0	660.0	704.0	659.0	894.0	901.0	675.0	687.0
SH__C179_L=165405;_55	873.0	680.0	693.0	683.0	669.0	686.0	670.0	678.0	677.0	656.0	676.0	685.0	687.0	645.0	678.0	690.0	666.0	682.0	705.0	696.0	685.0	687.0	689.0	678.0	672.0	673.0	684.0	870.0	672.0	673.0	675.0	685.0	696.0	691.0	672.0	679.0	692.0	682.0	658.0	687.0	694.0	697.0	668.0	685.0	680.0	669.0	679.0	680.0	674.0	673.0	658.0	695.0	887.0	686.0	685.0	880.0	687.0
SH__C8414_L=14946;_8	744.0	688.0	687.0	692.0	695.0	682.0	695.0	679.0	668.0	693.0	682.0	685.0	664.0	672.0	688.0	704.0	672.0	670.0	700.0	706.0	673.0	694.0	701.0	683.0	687.0	697.0	687.0	737.0	699.0	687.0	679.0	680.0	689.0	699.0	681.0	667.0	673.0	699.0	686.0	705.0	702.0	683.0	686.0	684.0	688.0	696.0	680.0	688.0	691.0	676.0	662.0	702.0	736.0	680.0	700.0	745.0	686.0
SH__C9972_L=13223;_6	610.0	734.0	610.0	739.0	736.0	686.0	725.0	618.0	642.0	621.0	654.0	766.0	638.0	592.0	750.0	758.0	601.0	649.0	647.0	769.0	618.0	731.0	620.0	629.0	607.0	747.0	737.0	596.0	741.0	611.0	636.0	659.0	631.0	668.0	617.0	640.0	645.0	764.0	602.0	654.0	632.0	641.0	601.0	610.0	729.0	741.0	609.0	611.0	602.0	642.0	603.0	619.0	603.0	764.0	753.0	615.0	609.0
SH__C72_L=271655;_1	517.0	707.0	540.0	719.0	711.0	627.0	702.0	541.0	552.0	537.0	578.0	704.0	552.0	521.0	718.0	709.0	534.0	553.0	572.0	721.0	548.0	688.0	554.0	552.0	540.0	718.0	706.0	509.0	716.0	541.0	548.0	574.0	547.0	573.0	535.0	551.0	550.0	724.0	544.0	578.0	557.0	558.0	533.0	540.0	711.0	709.0	534.0	532.0	536.0	574.0	532.0	546.0	513.0	706.0	707.0	528.0	534.0
SH__C87_L=246657;_202	691.0	651.0	650.0	661.0	657.0	672.0	666.0	655.0	668.0	648.0	672.0	659.0	655.0	618.0	660.0	666.0	631.0	654.0	655.0	679.0	660.0	662.0	655.0	645.0	629.0	667.0	659.0	692.0	670.0	637.0	656.0	670.0	643.0	672.0	644.0	664.0	661.0	659.0	620.0	660.0	651.0	654.0	635.0	630.0	660.0	650.0	637.0	639.0	629.0	666.0	628.0	643.0	698.0	659.0	665.0	697.0	638.0
SH__C10355_L=12874;_5	678.0	654.0	636.0	645.0	641.0	650.0	655.0	625.0	669.0	637.0	662.0	646.0	654.0	603.0	645.0	648.0	628.0	657.0	654.0	647.0	656.0	635.0	642.0	635.0	630.0	647.0	649.0	682.0	645.0	634.0	661.0	654.0	653.0	670.0	629.0	658.0	667.0	648.0	618.0	671.0	656.0	659.0	640.0	636.0	638.0	641.0	634.0	631.0	634.0	655.0	621.0	642.0	679.0	653.0	645.0	685.0	633.0
SH__C13055_L=10917;_5	680.0	638.0	616.0	636.0	645.0	653.0	653.0	621.0	665.0	631.0	666.0	641.0	659.0	605.0	626.0	650.0	613.0	655.0	644.0	638.0	654.0	637.0	638.0	625.0	626.0	635.0	636.0	687.0	638.0	627.0	657.0	647.0	634.0	664.0	620.0	639.0	655.0	644.0	607.0	657.0	641.0	666.0	633.0	626.0	634.0	630.0	635.0	625.0	632.0	651.0	615.0	641.0	687.0	641.0	641.0	691.0	627.0
SH__C1653_L=43388;_22	905.0	668.0	677.0	673.0	669.0	672.0	660.0	666.0	676.0	657.0	664.0	665.0	679.0	644.0	672.0	684.0	667.0	678.0	681.0	682.0	673.0	675.0	685.0	662.0	674.0	673.0	665.0	896.0	665.0	667.0	674.0	671.0	698.0	685.0	661.0	653.0	676.0	670.0	649.0	681.0	687.0	683.0	667.0	677.0	675.0	671.0	673.0	670.0	683.0	657.0	655.0	683.0	916.0	666.0	670.0	911.0	684.0
SH__C12901_L=11022;_4	688.0	644.0	638.0	658.0	647.0	644.0	663.0	640.0	671.0	638.0	653.0	645.0	659.0	617.0	653.0	663.0	625.0	657.0	657.0	661.0	653.0	653.0	651.0	631.0	623.0	660.0	639.0	687.0	662.0	626.0	650.0	655.0	645.0	661.0	638.0	654.0	664.0	644.0	619.0	661.0	657.0	661.0	633.0	628.0	644.0	652.0	630.0	624.0	630.0	654.0	621.0	640.0	693.0	657.0	658.0	697.0	637.0
SH__C4356_L=23149;_22	570.0	737.0	604.0	884.0	765.0	689.0	749.0	604.0	613.0	609.0	626.0	750.0	610.0	597.0	927.0	780.0	608.0	616.0	631.0	777.0	595.0	752.0	642.0	631.0	597.0	866.0	764.0	572.0	896.0	612.0	625.0	638.0	621.0	645.0	608.0	609.0	608.0	756.0	608.0	641.0	622.0	614.0	611.0	621.0	734.0	856.0	614.0	615.0	620.0	624.0	593.0	617.0	571.0	767.0	770.0	570.0	610.0
SH__C1468_L=46567;_33	692.0	650.0	647.0	656.0	655.0	669.0	665.0	651.0	664.0	643.0	673.0	659.0	652.0	618.0	655.0	668.0	629.0	653.0	657.0	679.0	657.0	662.0	657.0	641.0	629.0	663.0	653.0	692.0	668.0	632.0	662.0	670.0	644.0	671.0	640.0	667.0	660.0	656.0	619.0	664.0	650.0	651.0	634.0	629.0	659.0	648.0	636.0	639.0	628.0	666.0	627.0	640.0	699.0	660.0	669.0	699.0	639.0
SH__C7113_L=16699;_5	698.0	653.0	646.0	659.0	658.0	672.0	669.0	655.0	675.0	643.0	671.0	663.0	659.0	617.0	659.0	667.0	640.0	660.0	661.0	676.0	662.0	661.0	654.0	644.0	632.0	662.0	655.0	693.0	668.0	641.0	658.0	674.0	652.0	679.0	640.0	673.0	665.0	658.0	621.0	667.0	658.0	658.0	638.0	635.0	657.0	655.0	644.0	637.0	637.0	664.0	632.0	649.0	704.0	659.0	669.0	701.0	642.0
SH__C1152_L=53506;_34	664.0	886.0	709.0	1044.0	910.0	820.0	903.0	707.0	715.0	701.0	733.0	904.0	712.0	689.0	1104.0	927.0	708.0	721.0	744.0	926.0	699.0	902.0	741.0	729.0	696.0	1041.0	912.0	661.0	1064.0	709.0	723.0	745.0	725.0	752.0	707.0	714.0	710.0	901.0	700.0	749.0	725.0	718.0	713.0	719.0	887.0	1028.0	713.0	715.0	717.0	732.0	692.0	707.0	667.0	916.0	915.0	666.0	713.0
SH__C1574_L=44718;_35	668.0	887.0	700.0	901.0	888.0	790.0	873.0	692.0	707.0	703.0	731.0	876.0	710.0	664.0	897.0	891.0	683.0	713.0	747.0	897.0	701.0	873.0	712.0	715.0	688.0	888.0	883.0	651.0	886.0	707.0	714.0	740.0	697.0	731.0	696.0	701.0	706.0	906.0	697.0	740.0	704.0	714.0	690.0	697.0	888.0	891.0	685.0	698.0	691.0	718.0	666.0	708.0	664.0	877.0	888.0	672.0	699.0
SH__C147_L=181440;_65	672.0	1100.0	706.0	888.0	880.0	815.0	1007.0	692.0	704.0	701.0	734.0	912.0	710.0	688.0	897.0	891.0	700.0	708.0	751.0	901.0	686.0	866.0	729.0	715.0	706.0	880.0	889.0	666.0	873.0	707.0	714.0	738.0	722.0	739.0	701.0	710.0	714.0	899.0	692.0	741.0	720.0	713.0	709.0	714.0	1107.0	888.0	714.0	706.0	710.0	724.0	692.0	716.0	668.0	893.0	908.0	687.0	708.0
SH__C2249_L=35796;_12	668.0	868.0	704.0	896.0	922.0	805.0	876.0	702.0	692.0	712.0	711.0	908.0	706.0	684.0	908.0	947.0	704.0	697.0	725.0	940.0	679.0	920.0	736.0	718.0	693.0	908.0	888.0	652.0	894.0	695.0	717.0	721.0	715.0	715.0	710.0	706.0	703.0	907.0	701.0	722.0	717.0	708.0	702.0	707.0	858.0	899.0	697.0	706.0	700.0	699.0	676.0	715.0	672.0	923.0	924.0	669.0	707.0
SH__C5122_L=20807;_3	670.0	888.0	700.0	1053.0	904.0	819.0	897.0	703.0	709.0	704.0	725.0	914.0	709.0	677.0	1095.0	927.0	711.0	720.0	730.0	921.0	697.0	900.0	736.0	735.0	696.0	1036.0	913.0	665.0	1069.0	705.0	724.0	743.0	714.0	744.0	716.0	717.0	706.0	915.0	693.0	742.0	727.0	721.0	712.0	714.0	890.0	1024.0	710.0	706.0	716.0	722.0	687.0	709.0	673.0	917.0	912.0	677.0	711.0
SH__C20984_L=7808;_2	667.0	711.0	794.0	720.0	730.0	701.0	705.0	970.0	718.0	919.0	750.0	714.0	725.0	892.0	707.0	708.0	838.0	725.0	760.0	720.0	738.0	725.0	827.0	889.0	816.0	709.0	717.0	671.0	717.0	837.0	728.0	748.0	840.0	747.0	1003.0	745.0	732.0	727.0	877.0	755.0	858.0	748.0	838.0	841.0	709.0	720.0	837.0	830.0	829.0	742.0	800.0	824.0	672.0	718.0	709.0	667.0	852.0
SH__C4705_L=22029;_13	672.0	742.0	753.0	771.0	758.0	748.0	736.0	747.0	751.0	762.0	744.0	751.0	744.0	746.0	757.0	749.0	759.0	761.0	762.0	752.0	760.0	750.0	761.0	761.0	753.0	760.0	749.0	666.0	761.0	755.0	764.0	763.0	770.0	767.0	766.0	745.0	765.0	767.0	760.0	778.0	783.0	778.0	758.0	763.0	746.0	775.0	767.0	748.0	760.0	743.0	737.0	770.0	670.0	752.0	762.0	676.0	767.0
SH__C831_L=65040;_30	666.0	892.0	716.0	1059.0	919.0	834.0	887.0	716.0	712.0	708.0	734.0	916.0	713.0	689.0	1096.0	941.0	719.0	721.0	739.0	939.0	698.0	913.0	749.0	734.0	711.0	1049.0	916.0	665.0	1038.0	719.0	719.0	748.0	736.0	757.0	718.0	727.0	722.0	927.0	705.0	751.0	731.0	716.0	726.0	729.0	902.0	1032.0	719.0	724.0	725.0	723.0	705.0	720.0	670.0	929.0	935.0	670.0	724.0
SH__C32637_L=5685;_4	591.0	569.0	567.0	576.0	575.0	567.0	576.0	559.0	571.0	560.0	589.0	566.0	569.0	547.0	578.0	568.0	561.0	566.0	577.0	579.0	574.0	576.0	574.0	572.0	568.0	582.0	575.0	596.0	564.0	561.0	577.0	572.0	577.0	577.0	574.0	567.0	570.0	578.0	545.0	583.0	569.0	574.0	581.0	570.0	578.0	569.0	572.0	577.0	567.0	583.0	572.0	575.0	590.0	592.0	576.0	595.0	574.0
SH__C1778_L=41497;_28	666.0	814.0	703.0	820.0	804.0	1039.0	797.0	677.0	699.0	679.0	724.0	822.0	705.0	658.0	820.0	814.0	686.0	705.0	745.0	817.0	694.0	798.0	715.0	693.0	690.0	826.0	814.0	662.0	810.0	691.0	717.0	726.0	711.0	750.0	693.0	707.0	690.0	820.0	670.0	737.0	719.0	702.0	699.0	697.0	816.0	822.0	697.0	692.0	691.0	711.0	670.0	708.0	667.0	814.0	806.0	669.0	695.0
SH__C47_L=337656;_99	661.0	808.0	702.0	815.0	789.0	1057.0	807.0	685.0	693.0	688.0	723.0	822.0	702.0	661.0	823.0	812.0	697.0	704.0	733.0	807.0	694.0	803.0	712.0	699.0	689.0	834.0	811.0	663.0	810.0	695.0	711.0	716.0	703.0	731.0	692.0	713.0	692.0	808.0	685.0	731.0	715.0	699.0	699.0	704.0	821.0	818.0	708.0	697.0	697.0	711.0	681.0	713.0	663.0	806.0	792.0	664.0	699.0
SH__C1196_L=52291;_4	680.0	646.0	632.0	657.0	640.0	642.0	662.0	621.0	646.0	620.0	642.0	640.0	641.0	594.0	656.0	655.0	620.0	643.0	642.0	657.0	652.0	644.0	641.0	628.0	625.0	658.0	647.0	669.0	665.0	613.0	657.0	636.0	628.0	652.0	617.0	650.0	648.0	640.0	603.0	656.0	630.0	645.0	628.0	627.0	654.0	655.0	625.0	623.0	622.0	641.0	617.0	642.0	679.0	655.0	654.0	681.0	627.0
SH__C6717_L=17325;_7	436.0	437.0	434.0	443.0	448.0	441.0	447.0	444.0	441.0	442.0	443.0	450.0	445.0	444.0	443.0	449.0	439.0	449.0	439.0	450.0	439.0	449.0	447.0	446.0	430.0	447.0	441.0	437.0	432.0	442.0	442.0	433.0	446.0	437.0	438.0	431.0	450.0	443.0	451.0	443.0	448.0	454.0	440.0	442.0	454.0	449.0	437.0	429.0	436.0	441.0	427.0	453.0	438.0	449.0	444.0	443.0	445.0
SH__C21428_L=7688;_1	456.0	451.0	447.0	455.0	452.0	456.0	462.0	451.0	452.0	454.0	459.0	450.0	452.0	447.0	455.0	468.0	446.0	457.0	449.0	453.0	451.0	451.0	449.0	454.0	446.0	459.0	454.0	453.0	454.0	448.0	451.0	454.0	459.0	446.0	450.0	456.0	448.0	461.0	443.0	451.0	460.0	447.0	449.0	453.0	457.0	457.0	449.0	450.0	451.0	459.0	439.0	453.0	450.0	452.0	457.0	457.0	452.0
SH__C67661_L=3290;_1	627.0	592.0	593.0	607.0	605.0	604.0	603.0	594.0	625.0	590.0	619.0	606.0	614.0	563.0	594.0	610.0	581.0	620.0	614.0	611.0	608.0	609.0	605.0	593.0	575.0	610.0	598.0	627.0	610.0	582.0	621.0	613.0	595.0	623.0	590.0	611.0	614.0	597.0	564.0	622.0	601.0	602.0	589.0	579.0	596.0	595.0	584.0	581.0	577.0	607.0	580.0	586.0	630.0	605.0	607.0	622.0	589.0
SH__C269_L=127913;_93	875.0	681.0	695.0	686.0	671.0	682.0	679.0	686.0	678.0	660.0	681.0	684.0	683.0	640.0	681.0	693.0	669.0	683.0	702.0	692.0	688.0	688.0	692.0	678.0	672.0	674.0	682.0	872.0	679.0	672.0	683.0	688.0	700.0	700.0	677.0	676.0	692.0	679.0	656.0	688.0	701.0	700.0	673.0	686.0	680.0	672.0	683.0	680.0	678.0	673.0	666.0	694.0	890.0	689.0	691.0	886.0	687.0
SH__C10375_L=12858;_9	687.0	640.0	646.0	649.0	637.0	652.0	668.0	626.0	677.0	635.0	659.0	650.0	668.0	606.0	649.0	657.0	622.0	665.0	664.0	653.0	664.0	642.0	650.0	638.0	632.0	646.0	648.0	681.0	654.0	633.0	666.0	654.0	647.0	673.0	633.0	663.0	676.0	649.0	622.0	659.0	658.0	675.0	636.0	635.0	639.0	648.0	634.0	633.0	641.0	661.0	626.0	643.0	688.0	651.0	655.0	691.0	637.0
SH__C44812_L=4486;_2	842.0	616.0	631.0	630.0	635.0	621.0	612.0	620.0	627.0	612.0	617.0	624.0	636.0	609.0	624.0	636.0	623.0	628.0	625.0	634.0	631.0	636.0	639.0	625.0	628.0	623.0	621.0	838.0	618.0	624.0	621.0	618.0	649.0	634.0	622.0	609.0	623.0	623.0	604.0	634.0	640.0	631.0	629.0	638.0	623.0	616.0	626.0	625.0	638.0	611.0	607.0	630.0	849.0	625.0	633.0	852.0	640.0
SH__C30872_L=5920;_4	755.0	570.0	585.0	574.0	572.0	572.0	568.0	579.0	575.0	561.0	587.0	565.0	570.0	549.0	581.0	579.0	583.0	576.0	584.0	592.0	593.0	571.0	583.0	578.0	574.0	563.0	580.0	745.0	578.0	578.0	570.0	575.0	602.0	585.0	568.0	572.0	581.0	572.0	557.0	586.0	592.0	589.0	578.0	596.0	575.0	575.0	580.0	577.0	582.0	588.0	575.0	581.0	761.0	577.0	579.0	759.0	591.0
SH__C34995_L=5408;_1	667.0	800.0	672.0	814.0	810.0	752.0	793.0	679.0	706.0	681.0	711.0	838.0	712.0	653.0	820.0	827.0	674.0	710.0	718.0	827.0	685.0	809.0	691.0	690.0	673.0	822.0	823.0	653.0	810.0	678.0	701.0	721.0	697.0	742.0	684.0	700.0	706.0	838.0	671.0	731.0	703.0	703.0	666.0	678.0	794.0	813.0	671.0	677.0	670.0	698.0	651.0	683.0	660.0	836.0	816.0	669.0	673.0
SH__C3732_L=25517;_4	681.0	888.0	694.0	899.0	871.0	792.0	875.0	686.0	717.0	688.0	726.0	866.0	714.0	675.0	891.0	904.0	680.0	727.0	745.0	892.0	701.0	870.0	718.0	714.0	686.0	890.0	882.0	666.0	880.0	691.0	721.0	738.0	708.0	737.0	699.0	710.0	717.0	895.0	693.0	743.0	705.0	722.0	680.0	690.0	883.0	876.0	685.0	692.0	689.0	712.0	667.0	695.0	663.0	897.0	913.0	677.0	689.0
