1255	861	885	779	896	456	712	711	721	718	721	484	728	713	708	714	691	714	654	719	721	705	640	599	691	857	714	704	711	669	595	672	604	636	668	529	668	559	658	722	858	902	832	904	700	894	485	885	680	714	886	467	898	731	673	868	718	643	712	816	703	717	894	675	909	845	854	675	907	888	864	826	894	914	685	707	764	718	718	898	659	738	839	718	894	717	706	677	672	617	542	656	646	632	668	651	610	658	656	709	700	711	713	710	923	763	718	576	686	692	634	462	465	605	676	643	625	574	684	697
861	1256	846	742	863	445	698	708	693	711	710	477	717	699	696	710	690	699	648	712	696	705	642	597	681	806	695	687	704	669	589	670	604	641	664	533	677	564	664	719	726	843	798	855	707	857	482	827	699	705	853	455	831	713	672	838	702	630	718	774	692	710	857	703	856	813	878	703	857	853	931	820	845	859	672	692	725	702	702	831	667	716	899	702	857	710	695	676	693	614	545	648	619	619	661	619	608	643	647	704	698	691	701	708	871	747	707	564	680	691	621	430	447	592	676	624	622	572	670	698
885	846	1165	798	919	433	656	661	656	658	658	459	676	667	647	653	636	651	626	670	660	659	594	544	638	816	663	639	665	650	570	625	565	602	631	507	640	553	630	675	737	919	787	928	672	910	453	922	668	660	872	433	856	663	652	943	659	596	662	826	646	656	910	653	944	827	803	653	944	885	833	781	864	948	630	651	761	659	659	856	618	722	814	659	910	662	646	651	648	592	515	622	593	584	642	607	561	619	620	658	642	645	654	650	927	713	670	552	641	646	591	424	432	557	651	593	596	580	634	642
779	742	798	1041	836	416	606	606	609	609	602	437	621	613	602	611	587	605	556	613	608	607	567	580	589	727	612	592	610	580	493	594	571	624	583	484	586	479	570	626	743	824	724	844	720	837	442	825	613	618	771	430	742	602	586	816	615	542	611	843	598	617	837	603	849	735	729	603	847	792	746	689	757	849	596	603	844	615	615	742	576	620	739	615	837	609	591	583	594	524	449	565	557	540	581	555	597	560	561	616	588	593	611	609	841	655	616	475	588	592	544	409	420	543	591	547	569	480	591	595
896	863	919	836	1245	451	693	702	702	703	702	472	723	715	704	713	689	697	648	703	703	704	623	588	685	870	716	682	699	671	587	669	604	643	660	528	666	563	662	718	747	1044	837	1027	690	1085	479	919	675	706	895	466	896	704	675	947	697	635	705	919	701	704	1085	673	1028	855	842	673	1026	932	885	818	905	1020	669	704	855	697	697	896	662	735	868	697	1085	707	691	674	677	602	534	643	631	632	664	641	602	641	645	704	689	704	698	703	1062	757	711	565	686	690	615	450	455	594	673	632	621	572	670	688
456	445	433	416	451	1146	443	446	449	452	447	436	447	454	448	448	453	449	428	442	449	453	415	404	456	455	454	444	449	441	412	452	418	426	441	490	436	401	441	444	406	451	451	453	413	455	551	450	447	455	446	711	462	452	435	430	444	449	451	437	452	453	455	446	454	445	451	446	454	452	450	444	460	452	440	449	425	444	444	462	448	410	448	444	455	453	444	447	440	419	396	444	438	442	444	444	416	446	445	451	442	451	450	452	498	464	454	404	457	458	451	617	511	425	444	442	429	402	446	443
712	698	656	606	693	443	1252	1159	881	886	900	480	892	884	874	882	910	842	832	873	875	846	830	709	788	690	879	918	867	681	740	668	613	621	671	533	662	568	685	882	605	696	687	700	623	695	471	672	684	893	696	465	702	907	676	673	893	654	893	645	873	898	695	667	707	705	716	667	706	689	697	739	702	705	837	869	609	893	893	702	681	619	689	893	695	881	908	691	685	721	741	656	651	643	677	650	737	655	658	894	925	876	882	896	709	749	890	582	790	795	654	444	455	605	695	646	628	579	800	915
711	708	661	606	702	446	1159	1252	882	882	902	481	900	892	869	891	905	836	841	872	881	830	835	698	785	686	883	921	869	677	740	666	610	619	660	532	664	567	689	883	603	693	692	705	621	693	470	668	686	901	692	463	701	903	676	673	891	653	899	646	876	891	693	672	710	702	722	672	709	688	702	739	697	708	833	865	613	891	891	701	680	621	690	891	693	888	907	684	692	712	738	655	655	646	670	655	740	652	657	897	937	867	883	894	706	754	896	576	790	790	652	443	453	605	691	655	627	577	793	913
721	693	656	609	702	449	881	882	1248	880	885	482	908	1072	987	876	869	838	827	870	1213	828	801	698	813	679	1077	879	866	660	756	679	609	610	661	525	658	565	666	881	613	691	699	706	615	697	472	665	667	893	702	467	700	883	661	677	890	651	898	646	984	893	697	665	705	696	711	665	706	696	700	733	705	711	853	991	608	890	890	700	678	626	687	890	697	884	877	667	682	736	704	670	650	643	659	658	744	669	670	891	884	993	877	885	708	738	904	590	819	821	663	444	458	609	668	659	607	566	817	876
718	711	658	609	703	452	886	882	880	1243	971	479	932	888	887	887	869	892	854	912	879	881	782	742	813	686	884	866	1093	688	762	685	633	630	686	521	673	578	658	884	601	694	690	701	614	700	462	675	677	924	703	460	700	972	692	682	920	660	928	640	884	916	700	679	706	702	725	679	705	691	716	720	696	708	860	884	608	920	920	700	685	617	707	920	700	908	879	694	694	741	702	671	649	638	681	662	767	669	665	920	859	887	955	924	704	760	924	577	813	807	646	441	455	606	693	653	634	583	806	874
721	710	658	602	702	447	900	902	885	971	1247	480	974	892	896	900	901	889	862	915	885	905	805	743	817	683	890	892	958	691	771	673	619	623	680	533	665	573	670	902	605	696	690	702	610	708	467	668	689	938	692	464	703	1181	692	679	924	662	929	643	906	928	708	686	702	706	715	686	701	692	703	726	698	704	877	894	611	924	924	703	686	611	686	924	708	925	901	695	698	766	707	673	647	646	689	652	770	673	669	922	896	909	943	919	702	758	936	577	815	800	660	446	464	612	698	655	645	589	831	908
484	477	459	437	472	436	480	481	482	479	480	1274	491	482	480	470	483	482	458	489	484	484	447	435	480	474	477	475	477	467	444	468	434	443	471	590	476	440	463	489	427	481	476	473	424	471	475	471	470	479	480	453	484	479	473	469	478	463	483	451	475	485	471	476	477	466	483	476	476	482	476	470	484	477	471	477	432	478	478	484	468	445	476	478	471	483	468	464	468	449	420	458	456	455	468	460	434	456	454	484	478	483	478	482	545	484	485	428	476	483	459	427	444	432	460	462	451	429	470	479
728	717	676	621	723	447	892	900	908	932	974	491	1248	910	897	908	902	871	867	920	903	881	810	735	828	697	905	900	920	674	773	672	617	640	664	532	672	570	664	1015	622	710	693	716	638	707	474	685	679	932	717	460	705	968	686	696	931	658	931	642	911	928	707	679	711	711	731	679	711	706	724	748	715	710	870	903	610	931	931	705	679	612	704	931	707	916	908	679	689	765	722	664	653	645	676	647	771	663	657	922	903	916	913	926	720	772	930	574	823	811	653	443	455	599	685	652	630	577	842	903
713	699	667	613	715	454	884	892	1072	888	892	482	910	1254	1001	896	872	844	827	873	1073	833	798	700	811	703	1200	887	877	672	764	681	614	628	676	526	670	569	671	893	612	699	710	709	617	712	479	669	677	900	705	464	708	894	675	682	894	654	903	648	998	902	712	670	709	702	718	670	710	703	699	733	707	707	850	997	608	894	894	708	695	626	698	894	712	896	880	682	701	737	720	664	659	643	667	658	746	659	665	897	883	995	883	893	719	745	911	581	818	822	663	434	459	596	683	652	621	575	810	876
708	696	647	602	704	448	874	869	987	887	896	480	897	1001	1232	863	866	832	822	863	983	837	796	682	797	678	994	871	874	677	746	681	619	615	668	521	670	574	675	869	601	697	694	693	608	708	464	660	670	893	691	462	695	898	674	665	884	661	886	630	1110	888	708	682	693	695	697	682	694	682	696	719	704	692	844	1083	598	884	884	695	689	609	688	884	708	892	870	679	693	736	710	658	656	648	668	659	737	657	662	889	875	1070	863	892	713	743	901	571	807	813	661	437	451	600	681	655	614	582	803	882
714	710	653	611	713	448	882	891	876	887	900	470	908	896	863	1260	885	860	868	874	873	848	792	719	806	694	893	880	883	668	755	666	609	637	663	530	656	561	663	905	614	712	702	716	615	717	470	671	683	923	703	464	712	899	671	686	931	645	919	649	865	933	717	667	711	705	728	667	710	704	718	732	710	712	885	861	612	931	931	712	675	628	700	931	717	927	879	674	697	739	705	646	657	644	661	651	760	643	649	907	875	858	895	919	718	752	927	558	802	800	649	442	454	604	670	652	617	575	811	861
691	690	636	587	689	453	910	905	869	869	901	483	902	872	866	885	1255	845	830	872	875	841	837	685	798	664	867	918	872	664	752	660	605	602	661	533	659	559	653	877	586	681	671	685	600	682	465	639	673	897	675	468	675	903	667	661	899	644	905	620	873	901	682	655	687	679	702	655	688	669	701	712	676	682	850	867	587	899	899	675	666	604	686	899	682	898	940	670	674	738	736	663	644	636	652	652	750	667	660	895	935	872	876	903	698	734	914	568	806	794	642	450	463	606	671	658	609	560	809	910
714	699	651	605	697	449	842	836	838	892	889	482	871	844	832	860	845	1246	794	868	833	1085	748	780	776	679	842	822	882	680	719	670	606	628	661	523	648	554	639	872	607	692	685	702	617	703	479	659	673	879	688	481	697	891	686	669	862	648	859	630	831	870	703	660	694	683	717	660	694	695	694	710	696	696	819	837	600	862	862	697	666	608	681	862	703	864	837	685	671	710	652	657	638	634	675	636	723	653	650	854	832	836	876	858	705	744	870	557	784	774	627	440	457	594	686	636	630	568	781	824
654	648	626	556	648	428	832	841	827	854	862	458	867	827	822	868	830	794	1184	841	824	782	778	641	751	634	828	839	850	640	761	618	576	579	633	498	614	562	625	838	570	639	635	647	559	648	450	610	644	962	641	435	661	858	644	643	965	600	979	588	832	946	648	648	644	643	661	648	643	630	661	691	659	648	902	829	547	965	965	661	645	615	641	965	648	944	826	636	646	748	721	625	606	608	636	610	798	624	624	972	834	838	839	967	656	707	978	570	755	759	618	421	443	574	640	608	588	581	760	817
719	712	670	613	703	442	873	872	870	912	915	489	920	873	863	874	872	868	841	1245	868	862	783	729	800	695	875	862	911	679	745	674	623	624	671	533	656	576	648	916	609	707	689	705	608	708	469	677	675	906	719	459	701	922	676	694	903	629	905	646	854	903	708	664	711	703	713	664	710	687	713	734	692	708	850	866	605	903	903	701	673	621	693	903	708	903	866	682	683	723	695	660	646	638	669	650	751	653	657	897	866	873	892	907	724	754	909	571	803	802	644	442	444	600	680	642	622	572	797	862
721	696	660	608	703	449	875	881	1213	879	885	484	903	1073	983	873	875	833	824	868	1248	831	803	701	814	685	1076	881	864	666	747	673	611	607	660	526	664	570	665	880	607	694	701	705	608	701	471	664	662	891	697	468	697	883	667	673	886	654	894	648	987	888	701	667	705	699	712	667	706	689	703	733	705	711	845	990	605	886	886	697	679	622	690	886	701	879	871	669	683	736	707	670	654	648	665	661	744	668	672	890	885	991	877	884	712	741	900	588	822	823	663	445	460	608	676	661	614	571	819	875
705	705	659	607	704	453	846	830	828	881	905	484	881	833	837	848	841	1085	782	862	831	1245	742	779	783	682	834	823	881	686	722	652	612	613	661	537	662	554	643	872	603	703	684	708	627	704	472	659	680	866	683	468	689	900	684	682	861	645	858	646	834	871	704	666	707	684	719	666	706	695	699	713	696	708	812	834	606	861	861	689	671	613	683	861	704	860	828	687	672	712	655	657	631	638	677	637	715	654	654	850	828	839	860	852	714	728	860	552	785	775	628	439	461	598	688	639	632	572	782	830
640	642	594	567	623	415	830	835	801	782	805	447	810	798	796	792	837	748	778	783	803	742	1119	663	703	605	797	977	774	612	675	603	581	597	604	484	599	506	609	782	584	613	617	625	582	625	443	619	617	816	608	429	628	808	616	617	825	596	832	603	810	816	625	609	618	622	649	609	617	617	641	672	629	626	817	813	561	825	825	628	618	563	645	825	625	821	824	617	632	676	788	604	604	585	608	597	729	604	609	810	1034	798	779	823	622	673	817	528	706	706	597	410	431	598	620	601	605	515	734	840
599	597	544	580	588	404	709	698	698	742	743	435	735	700	682	719	685	780	641	729	701	779	663	1028	664	595	699	680	728	567	582	581	554	589	579	468	561	460	559	728	566	583	595	589	580	581	431	586	581	719	585	419	590	746	582	568	717	547	706	590	693	718	581	566	591	588	606	566	590	576	599	604	591	590	700	701	567	717	717	590	569	519	598	717	581	704	684	572	582	598	518	552	544	544	569	549	698	547	547	701	683	702	721	708	598	619	712	470	662	649	534	406	415	537	574	542	564	475	660	696
691	681	638	589	685	456	788	785	813	813	817	480	828	811	797	806	798	776	751	800	814	783	703	664	1250	681	820	787	805	670	686	674	611	613	677	529	663	566	659	809	584	674	677	696	605	693	467	648	659	825	676	473	685	814	669	660	814	651	821	637	814	822	693	664	694	679	708	664	693	666	688	719	681	695	787	813	604	814	814	685	659	607	673	814	693	819	783	685	669	693	616	669	658	663	674	646	691	667	664	821	792	820	806	822	702	750	842	566	1154	1045	652	444	454	610	682	669	624	566	761	794
857	806	816	727	870	455	690	686	679	686	683	474	697	703	678	694	664	679	634	695	685	682	605	595	681	1226	697	670	689	661	578	674	591	610	654	516	634	560	643	703	713	870	858	867	664	865	473	810	688	694	914	452	836	681	658	830	693	615	695	785	675	691	865	658	880	890	797	658	878	850	805	768	839	881	658	685	725	693	693	836	648	749	793	693	865	693	674	659	668	616	523	642	630	630	654	627	600	640	639	693	678	678	679	691	880	732	692	557	682	688	617	442	443	572	655	640	611	560	677	679
714	695	663	612	716	454	879	883	1077	884	890	477	905	1200	994	893	867	842	828	875	1076	834	797	699	820	697	1247	881	876	675	763	677	616	623	682	525	667	571	672	886	608	704	704	709	622	714	474	664	675	901	706	464	707	897	679	684	890	659	906	640	992	897	714	668	709	700	714	668	710	703	699	731	704	706	856	989	604	890	890	707	697	625	695	890	714	895	882	679	702	731	716	665	657	647	669	658	751	665	668	898	882	993	884	894	721	749	912	584	820	828	669	437	458	599	682	658	623	578	806	873
704	687	639	592	682	444	918	921	879	866	892	475	900	887	871	880	918	822	839	862	881	823	977	680	787	670	881	1258	863	670	740	653	607	619	657	530	654	555	663	874	593	677	676	679	608	684	476	648	666	910	670	466	693	894	678	662	909	650	908	616	882	905	684	665	682	678	699	665	681	675	704	731	691	682	860	891	586	909	909	693	683	605	695	909	684	907	922	674	684	721	878	662	643	636	668	644	751	661	663	902	1111	885	868	914	692	745	906	569	791	786	653	444	462	603	676	649	621	571	795	929
711	704	665	610	699	449	867	869	866	1093	958	477	920	877	874	883	872	882	850	911	864	881	774	728	805	689	876	863	1244	682	764	684	618	618	686	519	668	571	657	882	599	697	678	700	612	690	468	675	683	913	702	462	700	969	697	691	901	655	907	639	869	904	690	683	706	698	718	683	705	690	718	719	691	701	843	869	605	901	901	700	688	611	707	901	690	900	880	688	697	739	695	664	648	640	677	660	755	667	661	908	864	876	936	901	707	749	913	574	798	806	649	447	464	605	686	650	629	588	805	853
669	669	650	580	671	441	681	677	660	688	691	467	674	672	677	668	664	680	640	679	666	686	612	567	670	661	675	670	682	1192	554	712	666	573	752	504	728	622	731	664	580	656	667	664	596	663	454	640	738	688	674	459	646	689	1007	644	677	691	671	610	679	667	663	735	672	654	693	735	670	658	669	684	650	675	639	682	579	677	677	646	744	602	652	677	663	675	663	1118	756	603	516	720	701	691	984	709	577	722	729	673	664	682	676	672	669	676	683	614	675	672	696	439	451	651	1105	711	896	854	664	674
595	589	570	493	587	412	740	740	756	762	771	444	773	764	746	755	752	719	761	745	747	722	675	582	686	578	763	740	764	554	1084	564	499	514	560	491	551	560	554	776	508	586	585	589	499	590	433	553	590	760	596	419	592	774	567	599	772	548	757	530	751	774	590	568	590	595	603	568	589	589	593	607	600	597	713	750	493	772	772	592	580	578	578	772	590	771	728	560	591	686	708	557	541	540	553	547	613	556	552	758	745	758	752	770	605	643	772	549	683	672	547	402	410	502	564	547	503	561	684	744
672	670	625	594	669	452	668	666	679	685	673	468	672	681	681	666	660	670	618	674	673	652	603	581	674	674	677	653	684	712	564	1212	825	592	930	507	772	733	765	661	583	665	650	661	588	664	459	629	782	674	672	455	657	663	722	657	675	767	668	612	667	675	664	771	665	663	690	771	665	651	667	678	652	661	645	679	577	675	675	657	836	586	644	675	664	676	649	726	813	605	525	774	764	764	717	768	583	776	773	670	656	675	677	675	678	685	675	678	670	675	748	443	438	689	728	774	665	621	661	652
604	604	565	571	604	418	613	610	609	633	619	434	617	614	619	609	605	606	576	623	611	612	581	554	611	591	616	607	618	666	499	825	1099	564	858	472	695	640	695	612	557	592	581	599	573	607	430	590	692	619	595	428	600	619	662	587	627	697	623	595	612	622	607	703	608	587	618	703	608	599	593	605	596	603	619	612	563	627	627	600	777	513	582	627	607	615	598	674	744	552	470	707	723	697	651	702	582	710	725	628	608	612	613	620	620	611	629	608	615	608	686	425	416	703	675	718	652	549	613	600
636	641	602	624	643	426	621	619	610	630	623	443	640	628	615	637	602	628	579	624	607	613	597	589	613	610	623	619	618	573	514	592	564	1064	584	488	590	481	598	636	620	633	614	636	628	640	437	634	594	634	623	439	619	633	580	624	631	550	634	631	607	635	640	575	637	618	655	575	636	628	646	654	629	633	629	620	611	631	631	619	601	546	644	631	640	626	618	582	597	540	483	564	547	539	577	556	612	561	559	634	628	609	614	631	646	735	630	468	624	619	547	411	425	557	583	558	571	481	602	607
668	664	631	583	660	441	671	660	661	686	680	471	664	676	668	663	661	661	633	671	660	661	604	579	677	654	682	657	686	752	560	930	858	584	1214	513	771	770	767	660	568	657	640	660	584	677	450	629	785	675	662	453	641	672	752	662	682	768	670	605	663	680	677	771	668	648	686	771	666	650	658	660	646	658	654	664	573	682	682	641	871	575	643	682	677	684	651	750	824	604	529	780	787	771	732	774	586	777	787	674	663	662	671	678	673	674	681	679	680	692	759	440	433	695	755	773	682	629	659	658
529	533	507	484	528	490	533	532	525	521	533	590	532	526	521	530	533	523	498	533	526	537	484	468	529	516	525	530	519	504	491	507	472	488	513	1547	508	470	517	530	473	523	527	519	476	527	507	509	511	522	518	495	531	534	507	515	526	500	528	491	525	526	527	514	524	519	527	514	524	524	529	521	527	514	515	520	477	526	526	531	510	494	517	526	527	531	519	502	509	497	471	515	503	501	516	508	475	512	510	524	525	530	522	529	598	521	523	470	526	525	504	469	489	484	506	502	487	467	516	518
668	677	640	586	666	436	662	664	658	673	665	476	672	670	670	656	659	648	614	656	664	662	599	561	663	634	667	654	668	728	551	772	695	590	771	508	1208	646	844	655	564	652	631	656	598	668	449	639	781	664	650	442	648	667	731	652	655	730	657	605	665	661	668	813	663	641	688	813	661	655	665	683	651	656	632	659	575	655	655	648	807	576	651	655	668	663	655	727	837	591	521	731	733	715	714	726	567	730	725	659	648	658	664	654	662	678	671	632	673	663	704	431	441	671	724	739	660	617	648	655
559	564	553	479	563	401	568	567	565	578	573	440	570	569	574	561	559	554	562	576	570	554	506	460	566	560	571	555	571	622	560	733	640	481	770	470	646	1029	644	559	478	552	550	550	469	560	417	513	669	573	564	409	550	570	627	566	569	620	559	500	563	571	560	651	559	553	572	651	558	551	549	567	551	553	532	565	463	569	569	550	714	542	535	569	560	560	550	625	697	543	521	640	630	623	627	638	471	642	645	567	554	574	567	565	572	581	565	639	576	578	607	395	396	570	630	632	568	622	539	552
658	664	630	570	662	441	685	689	666	658	670	463	664	671	675	663	653	639	625	648	665	643	609	559	659	643	672	663	657	731	554	765	695	598	767	517	844	644	1200	654	563	661	654	648	569	661	456	623	760	675	646	443	667	681	727	648	664	744	667	597	667	664	661	789	657	659	681	789	657	653	659	669	668	652	642	664	558	664	664	667	808	594	649	664	661	679	654	727	841	601	535	739	754	750	719	729	573	738	744	664	662	670	662	659	676	685	671	640	669	670	718	432	443	670	733	764	669	609	651	655
722	719	675	626	718	444	882	883	881	884	902	489	1015	893	869	905	877	872	838	916	880	872	782	728	809	703	886	874	882	664	776	661	612	636	660	530	655	559	654	1236	612	703	696	710	624	708	467	681	679	902	732	463	702	904	672	702	902	639	898	650	877	907	708	664	715	707	730	664	714	702	720	736	717	707	849	871	616	902	902	702	662	621	711	902	708	901	873	672	674	744	698	653	637	626	664	637	752	648	650	898	873	884	883	900	728	764	926	564	807	796	639	447	454	596	668	637	617	567	818	876
858	726	737	743	747	406	605	603	613	601	605	427	622	612	601	614	586	607	570	609	607	603	584	566	584	713	608	593	599	580	508	583	557	620	568	473	564	478	563	612	1005	747	699	767	674	755	434	749	582	613	739	419	733	605	578	742	609	535	606	755	594	611	755	571	763	715	708	571	762	722	723	697	727	765	596	604	737	609	609	733	563	625	711	609	755	602	585	581	572	536	460	555	549	534	566	553	586	550	557	610	594	597	606	608	741	646	617	493	583	590	541	398	412	551	578	555	564	489	585	596
902	843	919	824	1044	451	696	693	691	694	696	481	710	699	697	712	681	692	639	707	694	703	613	583	674	870	704	677	697	656	586	665	592	633	657	523	652	552	661	703	747	1259	843	1010	693	1051	479	914	679	701	891	458	906	703	668	941	693	623	694	912	693	700	1051	667	1023	862	836	667	1021	922	855	818	905	1028	665	696	848	693	693	906	665	746	839	693	1051	705	683	657	681	612	530	643	621	616	654	630	598	637	638	694	683	692	686	701	1149	747	701	555	680	683	609	443	458	585	659	623	609	558	668	677
832	798	787	724	837	451	687	692	699	690	690	476	693	710	694	702	671	685	635	689	701	684	617	595	677	858	704	676	678	667	585	650	581	614	640	527	631	550	654	696	699	843	1238	853	636	829	474	800	673	695	876	464	827	687	653	800	689	633	691	780	693	695	829	648	853	955	781	648	854	849	799	741	832	860	648	709	725	689	689	827	657	1042	784	689	829	691	683	663	656	616	540	650	636	624	661	635	597	647	643	692	681	701	688	689	852	726	705	573	676	677	621	457	450	589	666	635	616	568	672	685
904	855	928	844	1027	453	700	705	706	701	702	473	716	709	693	716	685	702	647	705	705	708	625	589	696	867	709	679	700	664	589	661	599	636	660	519	656	550	648	710	767	1010	853	1243	694	1042	472	914	680	705	898	465	892	707	675	961	702	626	703	1037	690	711	1042	684	1163	872	848	684	1161	946	871	819	900	1156	674	697	963	702	702	892	662	746	848	702	1042	711	692	663	664	603	545	648	629	627	660	638	604	644	649	703	685	697	700	693	1036	746	707	561	698	688	618	445	454	585	668	626	623	570	671	687
700	707	672	720	690	413	623	621	615	614	610	424	638	617	608	615	600	617	559	608	608	627	582	580	605	664	622	608	612	596	499	588	573	628	584	476	598	469	569	624	674	693	636	694	1015	694	437	704	623	625	696	411	651	618	603	681	613	560	609	690	597	625	694	597	700	672	745	597	698	681	710	752	668	700	609	601	693	613	613	651	585	562	715	613	694	615	596	607	602	519	447	566	557	536	596	558	598	564	570	609	607	608	606	609	699	642	618	483	606	608	550	398	406	553	608	555	586	494	587	602
894	857	910	837	1085	455	695	693	697	700	708	471	707	712	708	717	682	703	648	708	701	704	625	581	693	865	714	684	690	663	590	664	607	640	677	527	668	560	661	708	755	1051	829	1042	694	1236	474	910	669	707	886	461	899	714	680	954	702	637	712	922	702	714	1236	682	1033	867	831	682	1031	941	864	820	907	1036	677	702	864	702	702	899	673	732	849	702	1236	714	689	665	682	619	543	652	639	635	654	645	610	647	653	707	692	703	700	707	1060	765	713	567	694	697	625	447	455	594	667	635	612	570	684	698
485	482	453	442	479	551	471	470	472	462	467	475	474	479	464	470	465	479	450	469	471	472	443	431	467	473	474	476	468	454	433	459	430	437	450	507	449	417	456	467	434	479	474	472	437	474	1171	468	466	474	476	588	479	467	457	458	473	455	473	457	474	474	474	459	477	479	484	459	478	466	476	474	483	475	459	469	441	473	473	479	458	441	473	473	474	475	465	462	471	436	407	459	447	443	455	451	435	458	457	471	478	476	471	470	527	473	472	418	469	474	453	518	684	434	456	444	440	412	467	468
885	827	922	825	919	450	672	668	665	675	668	471	685	669	660	671	639	659	610	677	664	659	619	586	648	810	664	648	675	640	553	629	590	634	629	509	639	513	623	681	749	914	800	914	704	910	468	1179	659	667	872	449	836	671	645	889	671	586	677	861	652	667	910	640	927	815	794	640	925	888	833	785	845	925	653	653	807	671	671	836	616	697	829	671	910	669	655	646	641	573	499	602	586	585	635	603	599	599	604	672	652	661	658	670	924	714	670	524	647	655	577	431	438	573	651	583	618	549	639	657
680	699	668	613	675	447	684	686	667	677	689	470	679	677	670	683	673	673	644	675	662	680	617	581	659	688	675	666	683	738	590	782	692	594	785	511	781	669	760	679	582	679	673	680	623	669	466	659	1205	690	705	447	676	688	732	667	683	706	670	627	669	684	669	780	681	677	698	780	681	675	689	693	676	683	644	671	595	683	683	676	798	607	672	683	669	692	659	734	850	601	531	724	722	722	734	727	577	723	723	675	664	668	674	673	687	682	682	636	665	660	700	441	440	648	735	732	672	630	656	663
714	705	660	618	706	455	893	901	893	924	938	479	932	900	893	923	897	879	962	906	891	866	816	719	825	694	901	910	913	688	760	674	619	634	675	522	664	573	675	902	613	701	695	705	625	707	474	667	690	1269	702	463	715	929	686	685	1076	656	1085	647	888	1079	707	687	700	700	720	687	699	693	712	737	716	708	1033	890	613	1076	1076	715	687	625	703	1076	707	1093	886	688	699	741	719	659	644	633	676	657	897	655	658	1059	902	899	900	1065	716	769	1073	575	821	817	665	436	459	602	688	654	632	578	817	890
886	853	872	771	895	446	696	692	702	703	692	480	717	705	691	703	675	688	641	719	697	683	608	585	676	914	706	670	702	674	596	672	595	623	662	518	650	564	646	732	739	891	876	898	696	886	476	872	705	702	1241	452	861	698	678	863	703	607	696	809	681	703	886	670	906	925	827	670	904	891	852	802	879	902	661	695	751	703	703	861	649	769	839	703	886	694	679	673	678	596	532	641	619	613	661	629	600	636	638	696	671	690	694	697	908	744	708	571	671	675	618	438	443	580	671	623	608	578	657	674
467	455	433	430	466	711	465	463	467	460	464	453	460	464	462	464	468	481	435	459	468	468	429	419	473	452	464	466	462	459	419	455	428	439	453	495	442	409	443	463	419	458	464	465	411	461	588	449	447	463	452	1148	476	464	451	449	459	453	465	447	462	469	461	445	463	455	467	445	462	458	462	452	466	465	445	460	433	459	459	476	461	416	457	459	461	469	460	451	449	434	397	458	446	453	449	449	420	457	459	470	463	473	469	463	505	467	467	413	473	473	454	738	551	434	455	450	442	408	465	461
898	831	856	742	896	462	702	701	700	700	703	484	705	708	695	712	675	697	661	701	697	689	628	590	685	836	707	693	700	646	592	657	600	619	641	531	648	550	667	702	733	906	827	892	651	899	479	836	676	715	861	476	1254	702	656	857	709	624	711	799	685	714	899	660	899	849	820	660	897	882	835	787	1101	896	681	689	743	709	709	1254	662	735	817	709	899	719	688	649	670	605	531	649	624	623	643	636	608	645	645	702	681	688	698	704	929	739	726	549	684	680	621	462	455	583	648	626	598	552	672	687
731	713	663	602	704	452	907	903	883	972	1181	479	968	894	898	899	903	891	858	922	883	900	808	746	814	681	897	894	969	689	774	663	619	633	672	534	667	570	681	904	605	703	687	707	618	714	467	671	688	929	698	464	702	1250	695	683	917	659	934	641	904	923	714	681	709	706	721	681	709	693	711	727	702	706	874	894	611	917	917	702	687	613	698	917	714	930	906	693	697	763	709	674	655	651	685	654	779	673	672	927	894	908	939	922	706	759	933	582	819	801	654	451	464	613	699	659	641	588	829	908
673	672	652	586	675	435	676	676	661	692	692	473	686	675	674	671	667	686	644	676	667	684	616	582	669	658	679	678	697	1007	567	722	662	580	752	507	731	627	727	672	578	668	653	675	603	680	457	645	732	686	678	451	656	695	1192	651	680	693	678	615	669	677	680	737	678	663	699	737	677	658	671	688	663	679	638	673	588	680	680	656	747	594	663	680	680	674	672	998	756	611	528	712	715	699	978	713	582	713	725	679	673	678	688	676	681	682	684	619	669	674	700	444	462	646	996	712	892	891	670	677
868	838	943	816	947	430	673	673	677	682	679	469	696	682	665	686	661	669	643	694	673	682	617	568	660	830	684	662	691	644	599	657	587	624	662	515	652	566	648	702	742	941	800	961	681	954	458	889	667	685	863	449	857	683	651	1176	683	607	686	861	668	688	954	660	971	845	815	660	969	908	844	786	866	967	649	672	798	683	683	857	651	734	828	683	954	683	664	650	664	619	537	637	618	610	638	622	582	633	634	676	666	675	677	682	950	729	687	562	661	661	611	425	439	577	654	622	600	562	664	668
718	702	659	615	697	444	893	891	890	920	924	478	931	894	884	931	899	862	965	903	886	861	825	717	814	693	890	909	901	677	772	675	627	631	682	526	655	569	664	902	609	693	689	702	613	702	473	671	683	1076	703	459	709	917	680	683	1263	655	1105	647	886	1069	702	684	701	701	719	684	700	691	709	731	703	714	1049	896	611	1263	1263	709	694	625	693	1263	702	1103	889	679	694	748	716	663	645	632	673	658	919	656	658	1094	901	903	900	1086	709	765	1091	580	816	810	657	440	456	601	682	657	625	585	827	893
643	630	596	542	635	449	654	653	651	660	662	463	658	654	661	645	644	648	600	629	654	645	596	547	651	615	659	650	655	691	548	767	697	550	768	500	730	620	744	639	535	623	633	626	560	637	455	586	706	656	607	453	624	659	693	607	655	1206	656	577	656	646	637	727	631	626	640	727	631	619	610	643	622	630	623	662	544	655	655	624	801	567	597	655	637	653	652	687	755	591	520	817	818	803	689	805	568	817	813	656	644	656	656	654	636	638	659	787	657	654	831	442	453	743	692	814	635	594	648	650
712	718	662	611	705	451	893	899	898	928	929	483	931	903	886	919	905	859	979	905	894	858	832	706	821	695	906	908	907	671	757	668	623	634	670	528	657	559	667	898	606	694	691	703	609	712	473	677	670	1085	696	465	711	934	678	686	1105	656	1274	642	890	1078	712	677	698	705	715	677	699	689	712	726	711	704	1045	899	603	1105	1105	711	690	621	698	1105	712	1100	901	677	683	755	733	664	647	637	669	658	987	661	666	1172	904	907	905	1176	717	755	1098	565	827	817	657	439	466	610	679	653	621	580	823	898
816	774	826	843	919	437	645	646	646	640	643	451	642	648	630	649	620	630	588	646	648	646	603	590	637	785	640	616	639	610	530	612	595	631	605	491	605	500	597	650	755	912	780	1037	690	922	457	861	627	647	809	447	799	641	615	861	647	577	642	1127	626	648	922	616	1057	790	774	616	1055	848	791	739	803	1054	634	635	1007	647	647	799	606	672	785	647	922	647	621	617	612	550	480	591	585	577	604	590	601	589	594	644	626	635	640	637	928	680	649	510	635	634	562	421	435	577	620	582	608	512	624	626
703	692	646	598	701	452	873	876	984	884	906	475	911	998	1110	865	873	831	832	854	987	834	810	693	814	675	992	882	869	679	751	667	612	607	663	525	665	563	667	877	594	693	693	690	597	702	474	652	669	888	681	462	685	904	669	668	886	656	890	626	1241	889	702	673	684	690	704	673	684	680	699	720	694	692	846	1126	591	886	886	685	681	610	691	886	702	892	887	680	691	736	709	658	655	640	668	647	742	657	659	897	889	1111	872	894	709	741	897	571	824	815	652	439	450	593	682	655	618	576	801	892
717	710	656	617	704	453	898	891	893	916	928	485	928	902	888	933	901	870	946	903	888	871	816	718	822	691	897	905	904	667	774	675	622	635	680	526	661	571	664	907	611	700	695	711	625	714	474	667	684	1079	703	469	714	923	677	688	1069	646	1078	648	889	1271	714	686	704	702	717	686	703	692	711	738	709	710	1023	883	612	1069	1069	714	694	628	696	1069	714	1089	878	674	701	760	724	669	645	637	672	655	883	666	668	1052	901	893	897	1066	715	767	1071	565	819	817	657	445	459	612	672	651	620	572	829	896
894	857	910	837	1085	455	695	693	697	700	708	471	707	712	708	717	682	703	648	708	701	704	625	581	693	865	714	684	690	663	590	664	607	640	677	527	668	560	661	708	755	1051	829	1042	694	1236	474	910	669	707	886	461	899	714	680	954	702	637	712	922	702	714	1236	682	1033	867	831	682	1031	941	864	820	907	1036	677	702	864	702	702	899	673	732	849	702	1236	714	689	665	682	619	543	652	639	635	654	645	610	647	653	707	692	703	700	707	1060	765	713	567	694	697	625	447	455	594	667	635	612	570	684	698
675	703	653	603	673	446	667	672	665	679	686	476	679	670	682	667	655	660	648	664	667	666	609	566	664	658	668	665	683	735	568	771	703	575	771	514	813	651	789	664	571	667	648	684	597	682	459	640	780	687	670	445	660	681	737	660	684	727	677	616	673	686	682	1214	686	674	700	1214	685	669	681	689	663	677	650	674	586	684	684	660	812	593	669	684	682	687	663	740	842	589	531	743	737	720	732	724	577	738	744	675	662	674	671	675	683	692	683	642	669	675	726	430	444	675	739	724	678	631	645	671
909	856	944	849	1028	454	707	710	705	706	702	477	711	709	693	711	687	694	644	711	705	707	618	591	694	880	709	682	706	672	590	665	608	637	668	524	663	559	657	715	763	1023	853	1163	700	1033	477	927	681	700	906	463	899	709	678	971	701	631	698	1057	684	704	1033	686	1246	880	840	686	1244	944	878	822	909	1164	669	692	981	701	701	899	670	751	860	701	1033	709	686	674	671	602	542	647	634	628	664	645	600	643	648	696	686	693	702	695	1041	737	703	568	691	695	618	442	457	587	677	630	629	578	676	687
845	813	827	735	855	445	705	702	696	702	706	466	711	702	695	705	679	683	643	703	699	684	622	588	679	890	700	678	698	654	595	663	587	618	648	519	641	553	659	707	715	862	955	872	672	867	479	815	677	700	925	455	849	706	663	845	701	626	705	790	690	702	867	674	880	1221	787	674	880	860	822	767	851	881	665	693	729	701	701	849	660	856	806	701	867	706	686	655	673	624	544	650	635	623	655	635	612	644	650	707	687	690	693	702	863	725	705	563	687	686	624	441	452	596	656	633	609	568	686	685
854	878	803	729	842	451	716	722	711	725	715	483	731	718	697	728	702	717	661	713	712	719	649	606	708	797	714	699	718	693	603	690	618	655	686	527	688	572	681	730	708	836	781	848	745	831	484	794	698	720	827	467	820	721	699	815	719	640	715	774	704	717	831	700	840	787	1236	700	838	839	897	863	840	849	690	704	730	719	719	820	680	702	868	719	831	725	692	699	697	622	546	655	637	631	678	640	617	654	653	712	708	708	710	712	858	781	722	575	712	695	624	446	459	595	697	654	640	582	682	709
675	703	653	603	673	446	667	672	665	679	686	476	679	670	682	667	655	660	648	664	667	666	609	566	664	658	668	665	683	735	568	771	703	575	771	514	813	651	789	664	571	667	648	684	597	682	459	640	780	687	670	445	660	681	737	660	684	727	677	616	673	686	682	1214	686	674	700	1214	685	669	681	689	663	677	650	674	586	684	684	660	812	593	669	684	682	687	663	740	842	589	531	743	737	720	732	724	577	738	744	675	662	674	671	675	683	692	683	642	669	675	726	430	444	675	739	724	678	631	645	671
907	857	944	847	1026	454	706	709	706	705	701	476	711	710	694	710	688	694	643	710	706	706	617	590	693	878	710	681	705	670	589	665	608	636	666	524	661	558	657	714	762	1021	854	1161	698	1031	478	925	681	699	904	462	897	709	677	969	700	631	699	1055	684	703	1031	685	1244	880	838	685	1246	942	876	820	909	1162	670	692	979	700	700	897	669	752	858	700	1031	710	686	672	670	601	541	646	633	628	662	644	599	642	648	695	685	693	701	694	1039	736	704	567	690	694	618	442	457	586	675	629	627	578	675	686
888	853	885	792	932	452	689	688	696	691	692	482	706	703	682	704	669	695	630	687	689	695	617	576	666	850	703	675	690	658	589	651	599	628	650	524	655	551	653	702	722	922	849	946	681	941	466	888	675	693	891	458	882	693	658	908	691	619	689	848	680	692	941	669	944	860	839	669	942	1228	870	805	892	953	647	683	801	691	691	882	645	745	839	691	941	687	683	653	669	608	534	646	619	614	649	624	581	646	642	681	684	687	680	682	939	739	692	550	670	670	613	444	443	584	660	619	604	558	672	680
864	931	833	746	885	450	697	702	700	716	703	476	724	699	696	718	701	694	661	713	703	699	641	599	688	805	699	704	718	669	593	667	593	646	658	529	665	549	659	720	723	855	799	871	710	864	476	833	689	712	852	462	835	711	671	844	709	610	712	791	699	711	864	681	878	822	897	681	876	870	1249	843	853	869	679	705	738	709	709	835	656	702	1117	709	864	714	704	670	680	620	551	633	627	621	657	628	612	629	637	709	706	701	700	709	889	763	713	553	685	696	619	442	451	575	666	630	607	561	688	705
826	820	781	689	818	444	739	739	733	720	726	470	748	733	719	732	712	710	691	734	733	713	672	604	719	768	731	731	719	684	607	678	605	654	660	521	683	567	669	736	697	818	741	819	752	820	474	785	693	737	802	452	787	727	688	786	731	643	726	739	720	738	820	689	822	767	863	689	820	805	843	1221	785	820	698	721	699	731	731	787	669	663	840	731	820	735	725	684	698	635	560	647	627	618	675	643	620	646	642	731	734	735	717	721	823	770	741	565	723	715	636	438	447	591	690	636	637	584	710	723
894	845	864	757	905	460	702	697	705	696	698	484	715	707	704	710	676	696	659	692	705	696	629	591	681	839	704	691	691	650	600	652	596	629	646	527	651	551	668	717	727	905	832	900	668	907	483	845	676	716	879	466	1101	702	663	866	703	622	711	803	694	709	907	663	909	851	840	663	909	892	853	785	1257	906	678	695	749	703	703	1101	658	729	835	703	907	713	685	651	672	613	544	645	629	625	646	633	607	641	642	703	685	697	691	702	930	750	722	549	679	675	619	460	460	587	654	626	598	556	676	691
914	859	948	849	1020	452	705	708	711	708	704	477	710	707	692	712	682	696	648	708	711	708	626	590	695	881	706	682	701	675	597	661	603	633	658	514	656	553	652	707	765	1028	860	1156	700	1036	475	925	683	708	902	465	896	706	679	967	714	630	704	1054	692	710	1036	677	1164	881	849	677	1162	953	869	820	906	1250	673	698	984	714	714	896	661	753	855	714	1036	707	692	677	669	604	545	648	630	625	666	640	600	643	648	700	691	702	699	699	1043	748	714	564	694	690	615	447	454	586	678	625	628	578	674	693
685	672	630	596	669	440	837	833	853	860	877	471	870	850	844	885	850	819	902	850	845	812	817	700	787	658	856	860	843	639	713	645	619	629	654	515	632	532	642	849	596	665	648	674	609	677	459	653	644	1033	661	445	681	874	638	649	1049	623	1045	634	846	1023	677	650	669	665	690	650	670	647	679	698	678	673	1203	846	593	1049	1049	681	663	588	676	1049	677	1105	845	643	657	705	678	633	625	622	641	633	911	631	632	1020	849	855	844	1030	681	721	1017	545	783	783	637	429	446	607	642	637	623	538	776	854
707	692	651	603	704	449	869	865	991	884	894	477	903	997	1083	861	867	837	829	866	990	834	813	701	813	685	989	891	869	682	750	679	612	620	664	520	659	565	664	871	604	696	709	697	601	702	469	653	671	890	695	460	689	894	673	672	896	662	899	635	1126	883	702	674	692	693	704	674	692	683	705	721	695	698	846	1234	602	896	896	689	683	621	694	896	702	887	878	676	686	736	719	657	652	645	669	653	749	653	657	900	892	1094	863	896	713	743	904	573	817	818	660	442	448	592	681	656	620	578	804	899
764	725	761	844	855	425	609	613	608	608	611	432	610	608	598	612	587	600	547	605	605	606	561	567	604	725	604	586	605	579	493	577	563	611	573	477	575	463	558	616	737	848	725	963	693	864	441	807	595	613	751	433	743	611	588	798	611	544	603	1007	591	612	864	586	981	729	730	586	979	801	738	699	749	984	593	602	1046	611	611	743	575	621	733	611	864	607	592	582	579	523	441	557	557	543	572	556	594	553	562	608	590	602	605	601	863	634	613	476	599	597	533	412	421	545	587	548	574	483	595	593
718	702	659	615	697	444	893	891	890	920	924	478	931	894	884	931	899	862	965	903	886	861	825	717	814	693	890	909	901	677	772	675	627	631	682	526	655	569	664	902	609	693	689	702	613	702	473	671	683	1076	703	459	709	917	680	683	1263	655	1105	647	886	1069	702	684	701	701	719	684	700	691	709	731	703	714	1049	896	611	1263	1263	709	694	625	693	1263	702	1103	889	679	694	748	716	663	645	632	673	658	919	656	658	1094	901	903	900	1086	709	765	1091	580	816	810	657	440	456	601	682	657	625	585	827	893
718	702	659	615	697	444	893	891	890	920	924	478	931	894	884	931	899	862	965	903	886	861	825	717	814	693	890	909	901	677	772	675	627	631	682	526	655	569	664	902	609	693	689	702	613	702	473	671	683	1076	703	459	709	917	680	683	1263	655	1105	647	886	1069	702	684	701	701	719	684	700	691	709	731	703	714	1049	896	611	1263	1263	709	694	625	693	1263	702	1103	889	679	694	748	716	663	645	632	673	658	919	656	658	1094	901	903	900	1086	709	765	1091	580	816	810	657	440	456	601	682	657	625	585	827	893
898	831	856	742	896	462	702	701	700	700	703	484	705	708	695	712	675	697	661	701	697	689	628	590	685	836	707	693	700	646	592	657	600	619	641	531	648	550	667	702	733	906	827	892	651	899	479	836	676	715	861	476	1254	702	656	857	709	624	711	799	685	714	899	660	899	849	820	660	897	882	835	787	1101	896	681	689	743	709	709	1254	662	735	817	709	899	719	688	649	670	605	531	649	624	623	643	636	608	645	645	702	681	688	698	704	929	739	726	549	684	680	621	462	455	583	648	626	598	552	672	687
659	667	618	576	662	448	681	680	678	685	686	468	679	695	689	675	666	666	645	673	679	671	618	569	659	648	697	683	688	744	580	836	777	601	871	510	807	714	808	662	563	665	657	662	585	673	458	616	798	687	649	461	662	687	747	651	694	801	690	606	681	694	673	812	670	660	680	812	669	645	656	669	658	661	663	683	575	694	694	662	1231	591	643	694	673	696	673	749	874	615	551	800	795	795	747	798	589	804	809	689	677	689	676	692	663	672	691	709	673	679	782	443	458	734	755	806	693	637	672	674
738	716	722	620	735	410	619	621	626	617	611	445	612	626	609	628	604	608	615	621	622	613	563	519	607	749	625	605	611	602	578	586	513	546	575	494	576	542	594	621	625	746	1042	746	562	732	441	697	607	625	769	416	735	613	594	734	625	567	621	672	610	628	732	593	751	856	702	593	752	745	702	663	729	753	588	621	621	625	625	735	591	1109	695	625	732	620	618	598	596	608	531	590	578	562	596	574	527	586	581	620	609	618	616	625	745	643	631	567	604	607	555	415	420	531	598	578	546	565	605	611
839	899	814	739	868	448	689	690	687	707	686	476	704	698	688	700	686	681	641	693	690	683	645	598	673	793	695	695	707	652	578	644	582	644	643	517	651	535	649	711	711	839	784	848	715	849	473	829	672	703	839	457	817	698	663	828	693	597	698	785	691	696	849	669	860	806	868	669	858	839	1117	840	835	855	676	694	733	693	693	817	643	695	1233	693	849	698	692	657	673	604	542	617	614	610	651	619	604	616	619	695	702	693	689	699	868	749	698	540	668	681	604	437	443	576	655	615	610	551	677	693
718	702	659	615	697	444	893	891	890	920	924	478	931	894	884	931	899	862	965	903	886	861	825	717	814	693	890	909	901	677	772	675	627	631	682	526	655	569	664	902	609	693	689	702	613	702	473	671	683	1076	703	459	709	917	680	683	1263	655	1105	647	886	1069	702	684	701	701	719	684	700	691	709	731	703	714	1049	896	611	1263	1263	709	694	625	693	1263	702	1103	889	679	694	748	716	663	645	632	673	658	919	656	658	1094	901	903	900	1086	709	765	1091	580	816	810	657	440	456	601	682	657	625	585	827	893
894	857	910	837	1085	455	695	693	697	700	708	471	707	712	708	717	682	703	648	708	701	704	625	581	693	865	714	684	690	663	590	664	607	640	677	527	668	560	661	708	755	1051	829	1042	694	1236	474	910	669	707	886	461	899	714	680	954	702	637	712	922	702	714	1236	682	1033	867	831	682	1031	941	864	820	907	1036	677	702	864	702	702	899	673	732	849	702	1236	714	689	665	682	619	543	652	639	635	654	645	610	647	653	707	692	703	700	707	1060	765	713	567	694	697	625	447	455	594	667	635	612	570	684	698
717	710	662	609	707	453	881	888	884	908	925	483	916	896	892	927	898	864	944	903	879	860	821	704	819	693	895	907	900	675	771	676	615	626	684	531	663	560	679	901	602	705	691	711	615	714	475	669	692	1093	694	469	719	930	674	683	1103	653	1100	647	892	1089	714	687	709	706	725	687	710	687	714	735	713	707	1105	887	607	1103	1103	719	696	620	698	1103	714	1273	884	675	693	742	713	661	646	645	668	663	916	658	661	1081	902	897	904	1086	721	755	1075	572	818	816	662	436	464	604	678	662	626	571	814	892
706	695	646	591	691	444	908	907	877	879	901	468	908	880	870	879	940	837	826	866	871	828	824	684	783	674	882	922	880	663	728	649	598	618	651	519	655	550	654	873	585	683	683	692	596	689	465	655	659	886	679	460	688	906	672	664	889	652	901	621	887	878	689	663	686	686	692	663	686	683	704	725	685	692	845	878	592	889	889	688	673	618	692	889	689	884	1244	670	672	724	742	648	643	641	659	651	744	648	648	890	926	890	865	893	696	741	897	580	786	772	656	446	449	593	666	649	613	562	805	1032
677	676	651	583	674	447	691	684	667	694	695	464	679	682	679	674	670	685	636	682	669	687	617	572	685	659	679	674	688	1118	560	726	674	582	750	502	727	625	727	672	581	657	663	663	607	665	462	646	734	688	673	451	649	693	998	650	679	687	677	617	680	674	665	740	674	655	699	740	672	653	670	684	651	677	643	676	582	679	679	649	749	598	657	679	665	675	670	1192	758	614	519	721	717	700	988	714	578	722	730	676	673	684	683	674	666	681	685	612	684	686	695	444	452	656	1130	717	904	852	670	674
672	693	648	594	677	440	685	692	682	694	698	468	689	701	693	697	674	671	646	683	683	672	632	582	669	668	702	684	697	756	591	813	744	597	824	509	837	697	841	674	572	681	656	664	602	682	471	641	850	699	678	449	670	697	756	664	694	755	683	612	691	701	682	842	671	673	697	842	670	669	680	698	672	669	657	686	579	694	694	670	874	596	673	694	682	693	672	758	1218	611	551	779	767	759	746	768	592	781	781	688	687	685	690	689	689	690	690	661	684	685	737	439	446	711	758	771	692	633	663	676
617	614	592	524	602	419	721	712	736	741	766	449	765	737	736	739	738	710	748	723	736	712	676	598	693	616	731	721	739	603	686	605	552	540	604	497	591	543	601	744	536	612	616	603	519	619	436	573	601	741	596	434	605	763	611	619	748	591	755	550	736	760	619	589	602	624	622	589	601	608	620	635	613	604	705	736	523	748	748	605	615	608	604	748	619	742	724	614	611	1133	633	609	592	587	604	589	624	608	598	751	733	745	740	739	619	657	754	562	698	698	580	410	435	541	613	587	553	557	1033	739
542	545	515	449	534	396	741	738	704	702	707	420	722	720	710	705	736	652	721	695	707	655	788	518	616	523	716	878	695	516	708	525	470	483	529	471	521	521	535	698	460	530	540	545	447	543	407	499	531	719	532	397	531	709	528	537	716	520	733	480	709	724	543	531	542	544	546	531	541	534	551	560	544	545	678	719	441	716	716	531	551	531	542	716	543	713	742	519	551	633	1025	536	516	508	526	519	573	538	536	722	886	716	691	735	563	602	718	515	627	627	517	381	396	480	522	513	479	525	630	751
656	648	622	565	643	444	656	655	670	671	673	458	664	664	658	646	663	657	625	660	670	657	604	552	669	642	665	662	664	720	557	774	707	564	780	515	731	640	739	653	555	643	650	648	566	652	459	602	724	659	641	458	649	674	712	637	663	817	664	591	658	669	652	743	647	650	655	743	646	646	633	647	645	648	633	657	557	663	663	649	800	590	617	663	652	661	648	721	779	609	536	1204	865	858	716	896	562	1174	1135	660	663	657	652	660	664	654	671	733	667	673	820	431	448	960	725	865	658	597	666	650
646	619	593	557	631	438	651	655	650	649	647	456	653	659	656	657	644	638	606	646	654	631	604	544	658	630	657	643	648	701	541	764	723	547	787	503	733	630	754	637	549	621	636	629	557	639	447	586	722	644	619	446	624	655	715	618	645	818	647	585	655	645	639	737	634	635	637	737	633	619	627	627	629	630	625	652	557	645	645	624	795	578	614	645	639	646	643	717	767	592	516	865	1204	1032	709	850	560	863	868	644	646	652	642	644	629	648	651	719	660	656	838	437	441	789	713	999	652	587	649	644
632	619	584	540	632	442	643	646	643	638	646	455	645	643	648	644	636	634	608	638	648	638	585	544	663	630	647	636	640	691	540	764	697	539	771	501	715	623	750	626	534	616	624	627	536	635	443	585	722	633	613	453	623	651	699	610	632	803	637	577	640	637	635	720	628	623	631	720	628	614	621	618	625	625	622	645	543	632	632	623	795	562	610	632	635	645	641	700	759	587	508	858	1032	1204	699	862	560	859	853	638	636	639	641	635	630	646	643	705	660	652	823	429	438	779	700	985	651	582	637	641
668	661	642	581	664	444	677	670	659	681	689	468	676	667	668	661	652	675	636	669	665	677	608	569	674	654	669	668	677	984	553	717	651	577	732	516	714	627	719	664	566	654	661	660	596	654	455	635	734	676	661	449	643	685	978	638	673	689	669	604	668	672	654	732	664	655	678	732	662	649	657	675	646	666	641	669	572	673	673	643	747	596	651	673	654	668	659	988	746	604	526	716	709	699	1191	715	580	716	727	676	663	672	680	667	661	668	669	620	677	673	683	443	452	652	991	707	1047	843	660	675
651	619	607	555	641	444	650	655	658	662	652	460	647	658	659	651	652	636	610	650	661	637	597	549	646	627	658	644	660	709	547	768	702	556	774	508	726	638	729	637	553	630	635	638	558	645	451	603	727	657	629	449	636	654	713	622	658	805	658	590	647	655	645	724	645	635	640	724	644	624	628	643	633	640	633	653	556	658	658	636	798	574	619	658	645	663	651	714	768	589	519	896	850	862	715	1204	572	906	913	662	645	651	654	664	644	647	662	717	647	651	811	438	453	827	719	852	662	593	650	643
610	608	561	597	602	416	737	740	744	767	770	434	771	746	737	760	750	723	798	751	744	715	729	698	691	600	751	751	755	577	613	583	582	612	586	475	567	471	573	752	586	598	597	604	598	610	435	599	577	897	600	420	608	779	582	582	919	568	987	601	742	883	610	577	600	612	617	577	599	581	612	620	607	600	911	749	594	919	919	608	589	527	604	919	610	916	744	578	592	624	573	562	560	560	580	572	1065	560	567	1055	745	746	768	980	620	639	914	489	698	687	561	408	420	565	585	567	573	482	703	747
658	643	619	560	641	446	655	652	669	669	673	456	663	659	657	643	667	653	624	653	668	654	604	547	667	640	665	661	667	722	556	776	710	561	777	512	730	642	738	648	550	637	647	644	564	647	458	599	723	655	636	457	645	673	713	633	656	817	661	589	657	666	647	738	643	644	654	738	642	646	629	646	641	643	631	653	553	656	656	645	804	586	616	656	647	658	648	722	781	608	538	1174	863	859	716	906	560	1204	1141	658	661	656	655	657	653	651	669	734	668	674	827	434	450	972	726	863	661	596	665	651
656	647	620	561	645	445	658	657	670	665	669	454	657	665	662	649	660	650	624	657	672	654	609	547	664	639	668	663	661	729	552	773	725	559	787	510	725	645	744	650	557	638	643	649	570	653	457	604	723	658	638	459	645	672	725	634	658	813	666	594	659	668	653	744	648	650	653	744	648	642	637	642	642	648	632	657	562	658	658	645	809	581	619	658	653	661	648	730	781	598	536	1135	868	853	727	913	567	1141	1204	662	660	656	655	657	658	646	668	734	666	676	824	433	453	961	732	859	672	604	657	653
709	704	658	616	704	451	894	897	891	920	922	484	922	897	889	907	895	854	972	897	890	850	810	701	821	693	898	902	908	673	758	670	628	634	674	524	659	567	664	898	610	694	692	703	609	707	471	672	675	1059	696	470	702	927	679	676	1094	656	1172	644	897	1052	707	675	696	707	712	675	695	681	709	731	703	700	1020	900	608	1094	1094	702	689	620	695	1094	707	1081	890	676	688	751	722	660	644	638	676	662	1055	658	662	1271	892	900	913	1159	714	756	1088	573	832	815	661	447	459	613	681	656	627	583	825	897
700	698	642	588	689	442	925	937	884	859	896	478	903	883	875	875	935	832	834	866	885	828	1034	683	792	678	882	1111	864	664	745	656	608	628	663	525	648	554	662	873	594	683	681	685	607	692	478	652	664	902	671	463	681	894	673	666	901	644	904	626	889	901	692	662	686	687	708	662	685	684	706	734	685	691	849	892	590	901	901	681	677	609	702	901	692	902	926	673	687	733	886	663	646	636	663	645	745	661	660	892	1252	887	865	904	703	754	904	572	790	792	647	438	458	612	673	650	619	563	809	933
711	691	645	593	704	451	876	867	993	887	909	483	916	995	1070	858	872	836	838	873	991	839	798	702	820	678	993	885	876	682	758	675	612	609	662	530	658	574	670	884	597	692	701	697	608	703	476	661	668	899	690	473	688	908	678	675	903	656	907	635	1111	893	703	674	693	690	708	674	693	687	701	735	697	702	855	1094	602	903	903	688	689	618	693	903	703	897	890	684	685	745	716	657	652	639	672	651	746	656	656	900	887	1275	869	897	710	749	916	578	819	817	655	448	460	600	681	649	620	582	808	882
713	701	654	611	698	450	882	883	877	955	943	478	913	883	863	895	876	876	839	892	877	860	779	721	806	679	884	868	936	676	752	677	613	614	671	522	664	567	662	883	606	686	688	700	606	700	471	658	674	900	694	469	698	939	688	677	900	656	905	640	872	897	700	671	702	693	710	671	701	680	700	717	691	699	844	863	605	900	900	698	676	616	689	900	700	904	865	683	690	740	691	652	642	641	680	654	768	655	655	913	865	869	1248	903	715	749	910	583	804	807	640	445	446	594	686	652	630	580	815	862
710	708	650	609	703	452	896	894	885	924	919	482	926	893	892	919	903	858	967	907	884	852	823	708	822	691	894	914	901	672	770	675	620	631	678	529	654	565	659	900	608	701	689	693	609	707	470	670	673	1065	697	463	704	922	676	682	1086	654	1176	637	894	1066	707	675	695	702	712	675	694	682	709	721	702	699	1030	896	601	1086	1086	704	692	625	699	1086	707	1086	893	674	689	739	735	660	644	635	667	664	980	657	657	1159	904	897	903	1273	714	761	1085	571	827	822	657	444	459	605	676	653	619	577	816	892
923	871	927	841	1062	498	709	706	708	704	702	545	720	719	713	718	698	705	656	724	712	714	622	598	702	880	721	692	707	669	605	678	620	646	673	598	662	572	676	728	741	1149	852	1036	699	1060	527	924	687	716	908	505	929	706	681	950	709	636	717	928	709	715	1060	683	1041	863	858	683	1039	939	889	823	930	1043	681	713	863	709	709	929	663	745	868	709	1060	721	696	666	689	619	563	664	629	630	661	644	620	653	658	714	703	710	715	714	1655	762	718	573	701	707	628	493	502	596	670	630	614	574	690	691
763	747	713	655	757	464	749	754	738	760	758	484	772	745	743	752	734	744	707	754	741	728	673	619	750	732	749	745	749	676	643	685	611	735	674	521	678	581	685	764	646	747	726	746	642	765	473	714	682	769	744	467	739	759	682	729	765	638	755	680	741	767	765	692	737	725	781	692	736	739	763	770	750	748	721	743	634	765	765	739	672	643	749	765	765	755	741	681	690	657	602	654	648	646	668	647	639	651	646	756	754	749	749	761	762	1252	770	571	749	743	649	447	448	601	687	661	620	572	727	737
718	707	670	616	711	454	890	896	904	924	936	485	930	911	901	927	914	870	978	909	900	860	817	712	842	692	912	906	913	683	772	675	629	630	681	523	671	565	671	926	617	701	705	707	618	713	472	670	682	1073	708	467	726	933	684	687	1091	659	1098	649	897	1071	713	683	703	705	722	683	704	692	713	741	722	714	1017	904	613	1091	1091	726	691	631	698	1091	713	1075	897	685	690	754	718	671	651	643	669	662	914	669	668	1088	904	916	910	1085	718	770	1264	577	830	830	670	442	461	614	681	656	623	578	828	906
576	564	552	475	565	404	582	576	590	577	577	428	574	581	571	558	568	557	570	571	588	552	528	470	566	557	584	569	574	614	549	678	608	468	679	470	632	639	640	564	493	555	573	561	483	567	418	524	636	575	571	413	549	582	619	562	580	787	565	510	571	565	567	642	568	563	575	642	567	550	553	565	549	564	545	573	476	580	580	549	709	567	540	580	567	572	580	612	661	562	515	733	719	705	620	717	489	734	734	573	572	578	583	571	573	571	577	1051	567	562	713	395	407	669	614	710	568	601	570	574
686	680	641	588	686	457	790	790	819	813	815	476	823	818	807	802	806	784	755	803	822	785	706	662	1154	682	820	791	798	675	683	670	615	624	680	526	673	576	669	807	583	680	676	698	606	694	469	647	665	821	671	473	684	819	669	661	816	657	827	635	824	819	694	669	691	687	712	669	690	670	685	723	679	694	783	817	599	816	816	684	673	604	668	816	694	818	786	684	684	698	627	667	660	660	677	647	698	668	666	832	790	819	804	827	701	749	830	567	1252	1029	644	446	463	607	679	663	625	576	763	801
692	691	646	592	690	458	795	790	821	807	800	483	811	822	813	800	794	774	759	802	823	775	706	649	1045	688	828	786	806	672	672	675	608	619	692	525	663	578	670	796	590	683	677	688	608	697	474	655	660	817	675	473	680	801	674	661	810	654	817	634	815	817	697	675	695	686	695	675	694	670	696	715	675	690	783	818	597	810	810	680	679	607	681	810	697	816	772	686	685	698	627	673	656	652	673	651	687	674	676	815	792	817	807	822	707	743	830	562	1029	1251	658	449	455	605	683	660	615	574	770	786
634	621	591	544	615	451	654	652	663	646	660	459	653	663	661	649	642	627	618	644	663	628	597	534	652	617	669	653	649	696	547	748	686	547	759	504	704	607	718	639	541	609	621	618	550	625	453	577	700	665	618	454	621	654	700	611	657	831	657	562	652	657	625	726	618	624	624	726	618	613	619	636	619	615	637	660	533	657	657	621	782	555	604	657	625	662	656	695	737	580	517	820	838	823	683	811	561	827	824	661	647	655	640	657	628	649	670	713	644	658	1214	445	451	743	698	827	627	585	649	649
462	430	424	409	450	617	444	443	444	441	446	427	443	434	437	442	450	440	421	442	445	439	410	406	444	442	437	444	447	439	402	443	425	411	440	469	431	395	432	447	398	443	457	445	398	447	518	431	441	436	438	738	462	451	444	425	440	442	439	421	439	445	447	430	442	441	446	430	442	444	442	438	460	447	429	442	412	440	440	462	443	415	437	440	447	436	446	444	439	410	381	431	437	429	443	438	408	434	433	447	438	448	445	444	493	447	442	395	446	449	445	1095	502	418	438	435	426	402	440	444
465	447	432	420	455	511	455	453	458	455	464	444	455	459	451	454	463	457	443	444	460	461	431	415	454	443	458	462	464	451	410	438	416	425	433	489	441	396	443	454	412	458	450	454	406	455	684	438	440	459	443	551	455	464	462	439	456	453	466	435	450	459	455	444	457	452	459	444	457	443	451	447	460	454	446	448	421	456	456	455	458	420	443	456	455	464	449	452	446	435	396	448	441	438	452	453	420	450	453	459	458	460	446	459	502	448	461	407	463	455	451	502	1109	425	449	446	434	401	451	460
605	592	557	543	594	425	605	605	609	606	612	432	599	596	600	604	606	594	574	600	608	598	598	537	610	572	599	603	605	651	502	689	703	557	695	484	671	570	670	596	551	585	589	585	553	594	434	573	648	602	580	434	583	613	646	577	601	743	610	577	593	612	594	675	587	596	595	675	586	584	575	591	587	586	607	592	545	601	601	583	734	531	576	601	594	604	593	656	711	541	480	960	789	779	652	827	565	972	961	613	612	600	594	605	596	601	614	669	607	605	743	418	425	1096	657	787	652	538	596	596
676	676	651	591	673	444	695	691	668	693	698	460	685	683	681	670	671	686	640	680	676	688	620	574	682	655	682	676	686	1105	564	728	675	583	755	506	724	630	733	668	578	659	666	668	608	667	456	651	735	688	671	455	648	699	996	654	682	692	679	620	682	672	667	739	677	656	697	739	675	660	666	690	654	678	642	681	587	682	682	648	755	598	655	682	667	678	666	1130	758	613	522	725	713	700	991	719	585	726	732	681	673	681	686	676	670	687	681	614	679	683	698	438	449	657	1192	715	907	855	669	677
643	624	593	547	632	442	646	655	659	653	655	462	652	652	655	652	658	636	608	642	661	639	601	542	669	640	658	649	650	711	547	774	718	558	773	502	739	632	764	637	555	623	635	626	555	635	444	583	732	654	623	450	626	659	712	622	657	814	653	582	655	651	635	724	630	633	654	724	629	619	630	636	626	625	637	656	548	657	657	626	806	578	615	657	635	662	649	717	771	587	513	865	999	985	707	852	567	863	859	656	650	649	652	653	630	661	656	710	663	660	827	435	446	787	715	1204	652	591	648	645
625	622	596	569	621	429	628	627	607	634	645	451	630	621	614	617	609	630	588	622	614	632	605	564	624	611	623	621	629	896	503	665	652	571	682	487	660	568	669	617	564	609	616	623	586	612	440	618	672	632	608	442	598	641	892	600	625	635	621	608	618	620	612	678	629	609	640	678	627	604	607	637	598	628	623	620	574	625	625	598	693	546	610	625	612	626	613	904	692	553	479	658	652	651	1047	662	573	661	672	627	619	620	630	619	614	620	623	568	625	615	627	426	434	652	907	652	1109	760	608	626
574	572	580	480	572	402	579	577	566	583	589	429	577	575	582	575	560	568	581	572	571	572	515	475	566	560	578	571	588	854	561	621	549	481	629	467	617	622	609	567	489	558	568	570	494	570	412	549	630	578	578	408	552	588	891	562	585	594	580	512	576	572	570	631	578	568	582	631	578	558	561	584	556	578	538	578	483	585	585	552	637	565	551	585	570	571	562	852	633	557	525	597	587	582	843	593	482	596	604	583	563	582	580	577	574	572	578	601	576	574	585	402	401	538	855	591	760	1028	561	567
684	670	634	591	670	446	800	793	817	806	831	470	842	810	803	811	809	781	760	797	819	782	734	660	761	677	806	795	805	664	684	661	613	602	659	516	648	539	651	818	585	668	672	671	587	684	467	639	656	817	657	465	672	829	670	664	827	648	823	624	801	829	684	645	676	686	682	645	675	672	688	710	676	674	776	804	595	827	827	672	672	605	677	827	684	814	805	670	663	1033	630	666	649	637	660	650	703	665	657	825	809	808	815	816	690	727	828	570	763	770	649	440	451	596	669	648	608	561	1232	814
697	698	642	595	688	443	915	913	876	874	908	479	903	876	882	861	910	824	817	862	875	830	840	696	794	679	873	929	853	674	744	652	600	607	658	518	655	552	655	876	596	677	685	687	602	698	468	657	663	890	674	461	687	908	677	668	893	650	898	626	892	896	698	671	687	685	709	671	686	680	705	723	691	693	854	899	593	893	893	687	674	611	693	893	698	892	1032	674	676	739	751	650	644	641	675	643	747	651	653	897	933	882	862	892	691	737	906	574	801	786	649	444	460	596	677	645	626	567	814	1241
